Date,High,Low,Open,Close,Volume,Adj Close
2014-12-31,113.12999725341797,110.20999908447266,112.81999969482422,110.37999725341797,41403400.0,101.1789321899414
2015-01-02,111.44000244140625,107.3499984741211,111.38999938964844,109.33000183105469,53204600.0,100.2164535522461
2015-01-05,108.6500015258789,105.41000366210938,108.29000091552734,106.25,64285500.0,97.39318084716797
2015-01-06,107.43000030517578,104.62999725341797,106.54000091552734,106.26000213623047,65797100.0,97.40237426757812
2015-01-07,108.19999694824219,106.69999694824219,107.19999694824219,107.75,40105900.0,98.76815032958984
2015-01-08,112.1500015258789,108.69999694824219,109.2300033569336,111.88999938964844,59364500.0,102.56307220458984
2015-01-09,113.25,110.20999908447266,112.66999816894531,112.01000213623047,53699500.0,102.67304992675781
2015-01-12,112.62999725341797,108.80000305175781,112.5999984741211,109.25,49650800.0,100.14311981201172
2015-01-13,112.80000305175781,108.91000366210938,111.43000030517578,110.22000122070312,67091900.0,101.03227996826172
2015-01-14,110.48999786376953,108.5,109.04000091552734,109.80000305175781,48956600.0,100.64728546142578
2015-01-15,110.05999755859375,106.66000366210938,110.0,106.81999969482422,60014000.0,97.9156723022461
2015-01-16,107.58000183105469,105.19999694824219,107.02999877929688,105.98999786376953,78513300.0,97.15485382080078
2015-01-20,108.97000122070312,106.5,107.83999633789062,108.72000122070312,49899900.0,99.65730285644531
2015-01-21,111.05999755859375,108.2699966430664,108.94999694824219,109.55000305175781,48575900.0,100.4181137084961
2015-01-22,112.47000122070312,109.72000122070312,110.26000213623047,112.4000015258789,53796400.0,103.03055572509766
2015-01-23,113.75,111.52999877929688,112.30000305175781,112.9800033569336,46464800.0,103.56219482421875
2015-01-26,114.36000061035156,112.80000305175781,113.73999786376953,113.0999984741211,55615000.0,103.67218780517578
2015-01-27,112.4800033569336,109.02999877929688,112.41999816894531,109.13999938964844,95568700.0,100.04229736328125
2015-01-28,118.12000274658203,115.30999755859375,117.62999725341797,115.30999755859375,146477100.0,105.69796752929688
2015-01-29,119.19000244140625,115.55999755859375,116.31999969482422,118.9000015258789,84436400.0,108.98871612548828
2015-01-30,120.0,116.8499984741211,118.4000015258789,117.16000366210938,83745500.0,107.39376831054688
2015-02-02,119.16999816894531,116.08000183105469,118.05000305175781,118.62999725341797,62739100.0,108.74124145507812
2015-02-03,119.08999633789062,117.61000061035156,118.5,118.6500015258789,51915700.0,108.75955963134766
2015-02-04,120.51000213623047,118.30999755859375,118.5,119.55999755859375,70149700.0,109.59370422363281
2015-02-05,120.2300033569336,119.25,120.0199966430664,119.94000244140625,42246200.0,110.37590789794922
2015-02-06,120.25,118.44999694824219,120.0199966430664,118.93000030517578,43706600.0,109.44646453857422
2015-02-09,119.83999633789062,118.43000030517578,118.55000305175781,119.72000122070312,38889800.0,110.17346954345703
2015-02-10,122.1500015258789,120.16000366210938,120.16999816894531,122.0199966430664,62008500.0,112.29004669189453
2015-02-11,124.91999816894531,122.5,122.7699966430664,124.87999725341797,73561800.0,114.92201232910156
2015-02-12,127.4800033569336,125.56999969482422,126.05999755859375,126.45999908447266,74474500.0,116.37602233886719
2015-02-13,127.27999877929688,125.6500015258789,127.27999877929688,127.08000183105469,54272200.0,116.94658660888672
2015-02-17,128.8800048828125,126.91999816894531,127.48999786376953,127.83000183105469,63152400.0,117.63677215576172
2015-02-18,128.77999877929688,127.44999694824219,127.62999725341797,128.72000122070312,44891700.0,118.455810546875
2015-02-19,129.02999877929688,128.3300018310547,128.47999572753906,128.4499969482422,37362400.0,118.20733642578125
2015-02-20,129.5,128.0500030517578,128.6199951171875,129.5,48948400.0,119.17359924316406
2015-02-23,133.0,129.66000366210938,130.02000427246094,133.0,70974100.0,122.3945083618164
2015-02-24,133.60000610351562,131.1699981689453,132.94000244140625,132.1699981689453,69228100.0,121.63068389892578
2015-02-25,131.60000610351562,128.14999389648438,131.55999755859375,128.7899932861328,74711700.0,118.52021789550781
2015-02-26,130.8699951171875,126.61000061035156,128.7899932861328,130.4199981689453,91287500.0,120.02024841308594
2015-02-27,130.57000732421875,128.24000549316406,130.0,128.4600067138672,62014800.0,118.21653747558594
2015-03-02,130.27999877929688,128.3000030517578,129.25,129.08999633789062,48096700.0,118.79629516601562
2015-03-03,129.52000427246094,128.08999633789062,128.9600067138672,129.36000061035156,37816300.0,119.04476165771484
2015-03-04,129.55999755859375,128.32000732421875,129.10000610351562,128.5399932861328,31666300.0,118.2901382446289
2015-03-05,128.75,125.76000213623047,128.5800018310547,126.41000366210938,56517100.0,116.33000946044922
2015-03-06,129.3699951171875,126.26000213623047,128.39999389648438,126.5999984741211,72842100.0,116.50484466552734
2015-03-09,129.57000732421875,125.05999755859375,127.95999908447266,127.13999938964844,88528500.0,117.00180053710938
2015-03-10,127.22000122070312,123.80000305175781,126.41000366210938,124.51000213623047,68856600.0,114.58150482177734
2015-03-11,124.7699966430664,122.11000061035156,124.75,122.23999786376953,68939000.0,112.49252319335938
2015-03-12,124.9000015258789,121.62999725341797,122.30999755859375,124.44999694824219,48362700.0,114.52629089355469
2015-03-13,125.4000015258789,122.58000183105469,124.4000015258789,123.58999633789062,51827300.0,113.73485565185547
2015-03-16,124.94999694824219,122.87000274658203,123.87999725341797,124.94999694824219,35874300.0,114.9864273071289
2015-03-17,127.31999969482422,125.6500015258789,125.9000015258789,127.04000091552734,51023100.0,116.90975952148438
2015-03-18,129.16000366210938,126.37000274658203,127.0,128.47000122070312,65270900.0,118.22573852539062
2015-03-19,129.25,127.4000015258789,128.75,127.5,45809500.0,117.33309936523438
2015-03-20,128.39999389648438,125.16000366210938,128.25,125.9000015258789,68695100.0,115.86067962646484
2015-03-23,127.8499984741211,126.5199966430664,127.12000274658203,127.20999908447266,37709700.0,117.06620025634766
2015-03-24,128.0399932861328,126.55999755859375,127.2300033569336,126.69000244140625,32842300.0,116.58767700195312
2015-03-25,126.81999969482422,123.37999725341797,126.54000091552734,123.37999725341797,51655200.0,113.54161834716797
2015-03-26,124.87999725341797,122.5999984741211,122.76000213623047,124.23999786376953,47572900.0,114.33304595947266
2015-03-27,124.69999694824219,122.91000366210938,124.56999969482422,123.25,39546200.0,113.4219970703125
2015-03-30,126.4000015258789,124.0,124.05000305175781,126.37000274658203,47099700.0,116.2931900024414
2015-03-31,126.48999786376953,124.36000061035156,126.08999633789062,124.43000030517578,42090600.0,114.50788116455078
2015-04-01,125.12000274658203,123.0999984741211,124.81999969482422,124.25,40621400.0,114.34223937988281
2015-04-02,125.55999755859375,124.19000244140625,125.02999877929688,125.31999969482422,32220100.0,115.32691192626953
2015-04-06,127.51000213623047,124.33000183105469,124.47000122070312,127.3499984741211,37194000.0,117.19503021240234
2015-04-07,128.1199951171875,125.9800033569336,127.63999938964844,126.01000213623047,35012300.0,115.96190643310547
2015-04-08,126.4000015258789,124.97000122070312,125.8499984741211,125.5999984741211,37329200.0,115.58458709716797
2015-04-09,126.58000183105469,124.66000366210938,125.8499984741211,126.55999755859375,32484000.0,116.46804809570312
2015-04-10,127.20999908447266,125.26000213623047,125.94999694824219,127.0999984741211,40188000.0,116.9649887084961
2015-04-13,128.57000732421875,126.61000061035156,128.3699951171875,126.8499984741211,36365100.0,116.73491668701172
2015-04-14,127.29000091552734,125.91000366210938,127.0,126.30000305175781,25524600.0,116.22879028320312
2015-04-15,127.12999725341797,126.01000213623047,126.41000366210938,126.77999877929688,28970400.0,116.67050170898438
2015-04-16,127.0999984741211,126.11000061035156,126.27999877929688,126.16999816894531,28369000.0,116.109130859375
2015-04-17,126.13999938964844,124.45999908447266,125.55000305175781,124.75,51957000.0,114.8023681640625
2015-04-20,128.1199951171875,125.16999816894531,125.56999969482422,127.5999984741211,47054300.0,117.42511749267578
2015-04-21,128.1999969482422,126.66999816894531,128.10000610351562,126.91000366210938,32435100.0,116.7901382446289
2015-04-22,128.8699951171875,126.31999969482422,126.98999786376953,128.6199951171875,37654500.0,118.36377716064453
2015-04-23,130.4199981689453,128.13999938964844,128.3000030517578,129.6699981689453,45770900.0,119.33004760742188
2015-04-24,130.6300048828125,129.22999572753906,130.49000549316406,130.27999877929688,44525900.0,119.89141082763672
2015-04-27,133.1300048828125,131.14999389648438,132.30999755859375,132.64999389648438,96954200.0,122.07239532470703
2015-04-28,134.5399932861328,129.57000732421875,134.4600067138672,130.55999755859375,118924000.0,120.14907836914062
2015-04-29,131.58999633789062,128.3000030517578,130.16000366210938,128.63999938964844,63386100.0,118.38218688964844
2015-04-30,128.63999938964844,124.58000183105469,128.63999938964844,125.1500015258789,83195400.0,115.17047882080078
2015-05-01,130.1300048828125,125.30000305175781,126.0999984741211,128.9499969482422,58512600.0,118.6674575805664
2015-05-04,130.57000732421875,128.25999450683594,129.5,128.6999969482422,50988300.0,118.43739318847656
2015-05-05,128.4499969482422,125.77999877929688,128.14999389648438,125.80000305175781,49271400.0,115.76864624023438
2015-05-06,126.75,123.36000061035156,126.55999755859375,125.01000213623047,72141000.0,115.0416488647461
2015-05-07,126.08000183105469,124.0199966430664,124.7699966430664,125.26000213623047,43940900.0,115.75320434570312
2015-05-08,127.62000274658203,126.11000061035156,126.68000030517578,127.62000274658203,55550400.0,117.93408966064453
2015-05-11,127.55999755859375,125.62999725341797,127.38999938964844,126.31999969482422,42035800.0,116.73274993896484
2015-05-12,126.87999725341797,124.81999969482422,125.5999984741211,125.87000274658203,48160000.0,116.3169174194336
2015-05-13,127.19000244140625,125.87000274658203,126.1500015258789,126.01000213623047,34694200.0,116.44629669189453
2015-05-14,128.9499969482422,127.16000366210938,127.41000366210938,128.9499969482422,45203500.0,119.16313934326172
2015-05-15,129.49000549316406,128.2100067138672,129.07000732421875,128.77000427246094,38208000.0,118.99681091308594
2015-05-18,130.72000122070312,128.36000061035156,128.3800048828125,130.19000244140625,50882900.0,120.30901336669922
2015-05-19,130.8800048828125,129.63999938964844,130.69000244140625,130.07000732421875,44633200.0,120.1981430053711
2015-05-20,130.97999572753906,129.33999633789062,130.0,130.05999755859375,36454900.0,120.18889617919922
2015-05-21,131.6300048828125,129.8300018310547,130.07000732421875,131.38999938964844,39730400.0,121.41796112060547
2015-05-22,132.97000122070312,131.39999389648438,131.60000610351562,132.5399932861328,45596000.0,122.48069763183594
2015-05-26,132.91000366210938,129.1199951171875,132.60000610351562,129.6199951171875,70697600.0,119.78228759765625
2015-05-27,132.25999450683594,130.0500030517578,130.33999633789062,132.0399932861328,45833200.0,122.01863861083984
2015-05-28,131.9499969482422,131.10000610351562,131.86000061035156,131.77999877929688,30733300.0,121.77835083007812
2015-05-29,131.4499969482422,129.89999389648438,131.22999572753906,130.27999877929688,50884500.0,120.3922119140625
2015-06-01,131.38999938964844,130.0500030517578,130.27999877929688,130.5399932861328,32112800.0,120.63246154785156
2015-06-02,130.66000366210938,129.32000732421875,129.86000061035156,129.9600067138672,33667600.0,120.09648132324219
2015-06-03,130.94000244140625,129.89999389648438,130.66000366210938,130.1199951171875,30983500.0,120.24434661865234
2015-06-04,130.5800018310547,128.91000366210938,129.5800018310547,129.36000061035156,38450100.0,119.54202270507812
2015-06-05,129.69000244140625,128.36000061035156,129.5,128.64999389648438,35626800.0,118.88591003417969
2015-06-08,129.2100067138672,126.83000183105469,128.89999389648438,127.80000305175781,52674800.0,118.10042572021484
2015-06-09,128.0800018310547,125.62000274658203,126.69999694824219,127.41999816894531,56075400.0,117.74925994873047
2015-06-10,129.33999633789062,127.8499984741211,127.91999816894531,128.8800048828125,39087300.0,119.09844207763672
2015-06-11,130.17999267578125,128.47999572753906,129.17999267578125,128.58999633789062,35390900.0,118.8304672241211
2015-06-12,128.3300018310547,127.11000061035156,128.19000244140625,127.16999816894531,36886200.0,117.51824188232422
2015-06-15,127.23999786376953,125.70999908447266,126.0999984741211,126.91999816894531,43988900.0,117.2872085571289
2015-06-16,127.8499984741211,126.37000274658203,127.02999877929688,127.5999984741211,31494100.0,117.91559600830078
2015-06-17,127.87999725341797,126.73999786376953,127.72000122070312,127.30000305175781,32918100.0,117.63838195800781
2015-06-18,128.30999755859375,127.22000122070312,127.2300033569336,127.87999725341797,35407200.0,118.17435455322266
2015-06-19,127.81999969482422,126.4000015258789,127.70999908447266,126.5999984741211,54716900.0,116.99150848388672
2015-06-22,128.05999755859375,127.08000183105469,127.48999786376953,127.61000061035156,34039300.0,117.92485046386719
2015-06-23,127.61000061035156,126.87999725341797,127.4800033569336,127.02999877929688,30268900.0,117.38887023925781
2015-06-24,129.8000030517578,127.12000274658203,127.20999908447266,128.11000061035156,55280900.0,118.38690185546875
2015-06-25,129.1999969482422,127.5,128.86000061035156,127.5,31938100.0,117.82321166992188
2015-06-26,127.98999786376953,126.51000213623047,127.66999816894531,126.75,44066800.0,117.13011169433594
2015-06-29,126.47000122070312,124.4800033569336,125.45999908447266,124.52999877929688,49161400.0,115.07860565185547
2015-06-30,126.12000274658203,124.86000061035156,125.56999969482422,125.43000030517578,44370700.0,115.9103012084961
2015-07-01,126.94000244140625,125.98999786376953,126.9000015258789,126.5999984741211,30238800.0,116.99150848388672
2015-07-02,126.69000244140625,125.7699966430664,126.43000030517578,126.44000244140625,27211000.0,116.8436279296875
2015-07-06,126.2300033569336,124.8499984741211,124.94000244140625,126.0,28060400.0,116.4370346069336
2015-07-07,126.1500015258789,123.7699966430664,125.88999938964844,125.69000244140625,46946800.0,116.15057373046875
2015-07-08,124.63999938964844,122.54000091552734,124.4800033569336,122.56999969482422,60761600.0,113.26736450195312
2015-07-09,124.05999755859375,119.22000122070312,123.8499984741211,120.06999969482422,78595000.0,110.95711517333984
2015-07-10,123.8499984741211,121.20999908447266,121.94000244140625,123.27999877929688,61354500.0,113.92346954345703
2015-07-13,125.76000213623047,124.31999969482422,125.02999877929688,125.66000366210938,41440500.0,116.12284851074219
2015-07-14,126.37000274658203,125.04000091552734,126.04000091552734,125.61000061035156,31768100.0,116.07662200927734
2015-07-15,127.1500015258789,125.58000183105469,125.72000122070312,126.81999969482422,33649200.0,117.19480895996094
2015-07-16,128.57000732421875,127.3499984741211,127.73999786376953,128.50999450683594,36222400.0,118.75654602050781
2015-07-17,129.6199951171875,128.30999755859375,129.0800018310547,129.6199951171875,46164700.0,119.78228759765625
2015-07-20,132.97000122070312,130.6999969482422,130.97000122070312,132.07000732421875,58900200.0,122.0463638305664
2015-07-21,132.9199981689453,130.32000732421875,132.85000610351562,130.75,76756400.0,120.8265380859375
2015-07-22,125.5,121.98999786376953,121.98999786376953,125.22000122070312,115450600.0,115.71623229980469
2015-07-23,127.08999633789062,125.05999755859375,126.19999694824219,125.16000366210938,50999500.0,115.66078186035156
2015-07-24,125.73999786376953,123.9000015258789,125.31999969482422,124.5,42162300.0,115.05088806152344
2015-07-27,123.61000061035156,122.12000274658203,123.08999633789062,122.7699966430664,44455500.0,113.4521713256836
2015-07-28,123.91000366210938,122.55000305175781,123.37999725341797,123.37999725341797,33618100.0,114.01588439941406
2015-07-29,123.5,122.2699966430664,123.1500015258789,122.98999786376953,37011700.0,113.65547180175781
2015-07-30,122.56999969482422,121.70999908447266,122.31999969482422,122.37000274658203,33628300.0,113.08255767822266
2015-07-31,122.63999938964844,120.91000366210938,122.5999984741211,121.30000305175781,42885000.0,112.09375
2015-08-03,122.56999969482422,117.5199966430664,121.5,118.44000244140625,69976000.0,109.45081329345703
2015-08-04,117.69999694824219,113.25,117.41999816894531,114.63999938964844,124138600.0,105.93921661376953
2015-08-05,117.44000244140625,112.0999984741211,112.94999694824219,115.4000015258789,99312600.0,106.64154815673828
2015-08-06,116.5,114.12000274658203,115.97000122070312,115.12999725341797,52903000.0,106.87360382080078
2015-08-07,116.25,114.5,114.58000183105469,115.5199966430664,38670400.0,107.23564910888672
2015-08-10,119.98999786376953,116.52999877929688,116.52999877929688,119.72000122070312,54951600.0,111.13444519042969
2015-08-11,118.18000030517578,113.33000183105469,117.80999755859375,113.48999786376953,97082800.0,105.35123443603516
2015-08-12,115.41999816894531,109.62999725341797,112.52999877929688,115.23999786376953,101217500.0,106.9757080078125
2015-08-13,116.4000015258789,114.54000091552734,116.04000091552734,115.1500015258789,48535800.0,106.8921890258789
2015-08-14,116.30999755859375,114.01000213623047,114.31999969482422,115.95999908447266,42929500.0,107.64407348632812
2015-08-17,117.6500015258789,115.5,116.04000091552734,117.16000366210938,40884700.0,108.75802612304688
2015-08-18,117.44000244140625,116.01000213623047,116.43000030517578,116.5,34560700.0,108.14537811279297
2015-08-19,116.5199966430664,114.68000030517578,116.0999984741211,115.01000213623047,48286500.0,106.76223754882812
2015-08-20,114.3499984741211,111.62999725341797,114.08000183105469,112.6500015258789,68501600.0,104.57145690917969
2015-08-21,111.9000015258789,105.6500015258789,110.43000030517578,105.76000213623047,128275500.0,98.17554473876953
2015-08-24,108.80000305175781,92.0,94.87000274658203,103.12000274658203,162206300.0,95.72489929199219
2015-08-25,111.11000061035156,103.5,111.11000061035156,103.73999786376953,103601600.0,96.30042266845703
2015-08-26,109.88999938964844,105.05000305175781,107.08999633789062,109.69000244140625,96774600.0,101.82373046875
2015-08-27,113.23999786376953,110.0199966430664,112.2300033569336,112.91999816894531,84616100.0,104.82211303710938
2015-08-28,113.30999755859375,111.54000091552734,112.16999816894531,113.29000091552734,53164400.0,105.16555786132812
2015-08-31,114.52999877929688,112.0,112.02999877929688,112.76000213623047,56229300.0,104.673583984375
2015-09-01,111.87999725341797,107.36000061035156,110.1500015258789,107.72000122070312,76845900.0,99.9950180053711
2015-09-02,112.33999633789062,109.12999725341797,110.2300033569336,112.33999633789062,61888800.0,104.28369140625
2015-09-03,112.77999877929688,110.04000091552734,112.48999786376953,110.37000274658203,53233900.0,102.45496368408203
2015-09-04,110.44999694824219,108.51000213623047,108.97000122070312,109.2699966430664,49996300.0,101.43385314941406
2015-09-08,112.55999755859375,110.31999969482422,111.75,112.30999755859375,54843600.0,104.25584411621094
2015-09-09,114.0199966430664,109.7699966430664,113.76000213623047,110.1500015258789,85010800.0,102.25074768066406
2015-09-10,113.27999877929688,109.9000015258789,110.2699966430664,112.56999969482422,62892800.0,104.4971923828125
2015-09-11,114.20999908447266,111.76000213623047,111.79000091552734,114.20999908447266,49915500.0,106.01958465576172
2015-09-14,116.88999938964844,114.86000061035156,116.58000183105469,115.30999755859375,58363400.0,107.04068756103516
2015-09-15,116.52999877929688,114.41999816894531,115.93000030517578,116.27999877929688,43341200.0,107.94114685058594
2015-09-16,116.54000091552734,115.44000244140625,116.25,116.41000366210938,37173500.0,108.06181335449219
2015-09-17,116.48999786376953,113.72000122070312,115.66000366210938,113.91999816894531,64112600.0,105.75038146972656
2015-09-18,114.30000305175781,111.87000274658203,112.20999908447266,113.44999694824219,74285300.0,105.3140869140625
2015-09-21,115.37000274658203,113.66000366210938,113.66999816894531,115.20999908447266,50222000.0,106.94788360595703
2015-09-22,114.18000030517578,112.5199966430664,113.37999725341797,113.4000015258789,50346200.0,105.26768493652344
2015-09-23,114.72000122070312,113.30000305175781,113.62999725341797,114.31999969482422,35756700.0,106.1217041015625
2015-09-24,115.5,112.37000274658203,113.25,115.0,50219500.0,106.7529296875
2015-09-25,116.69000244140625,114.0199966430664,116.44000244140625,114.70999908447266,56151900.0,106.48372650146484
2015-09-28,114.56999969482422,112.44000244140625,113.8499984741211,112.44000244140625,52109000.0,104.37653350830078
2015-09-29,113.51000213623047,107.86000061035156,112.83000183105469,109.05999755859375,73365400.0,101.2389144897461
2015-09-30,111.54000091552734,108.7300033569336,110.16999816894531,110.30000305175781,66473000.0,102.3899917602539
2015-10-01,109.62000274658203,107.30999755859375,109.06999969482422,109.58000183105469,63929100.0,101.72162628173828
2015-10-02,111.01000213623047,107.55000305175781,108.01000213623047,110.37999725341797,58019800.0,102.46424865722656
2015-10-05,111.37000274658203,109.06999969482422,109.87999725341797,110.77999877929688,52064700.0,102.8355712890625
2015-10-06,111.73999786376953,109.7699966430664,110.62999725341797,111.30999755859375,48196800.0,103.32755279541016
2015-10-07,111.7699966430664,109.41000366210938,111.73999786376953,110.77999877929688,46765600.0,102.8355712890625
2015-10-08,110.19000244140625,108.20999908447266,110.19000244140625,109.5,61979600.0,101.64735412597656
2015-10-09,112.27999877929688,109.48999786376953,110.0,112.12000274658203,52766100.0,104.07947540283203
2015-10-12,112.75,111.44000244140625,112.7300033569336,111.5999984741211,30467200.0,103.59677124023438
2015-10-13,112.44999694824219,110.68000030517578,110.81999969482422,111.79000091552734,33049300.0,103.77312469482422
2015-10-14,111.5199966430664,109.55999755859375,111.29000091552734,110.20999908447266,44462400.0,102.30644226074219
2015-10-15,112.0999984741211,110.48999786376953,110.93000030517578,111.86000061035156,37673500.0,103.83811950683594
2015-10-16,112.0,110.52999877929688,111.77999877929688,111.04000091552734,39232600.0,103.07691955566406
2015-10-19,111.75,110.11000061035156,110.80000305175781,111.7300033569336,29759200.0,103.71743774414062
2015-10-20,114.16999816894531,110.81999969482422,111.33999633789062,113.7699966430664,48967800.0,105.61114501953125
2015-10-21,115.58000183105469,113.69999694824219,114.0,113.76000213623047,41795200.0,105.60186767578125
2015-10-22,115.5,114.0999984741211,114.33000183105469,115.5,41654100.0,107.21709442138672
2015-10-23,119.2300033569336,116.33000183105469,116.69999694824219,119.08000183105469,59366900.0,110.54034423828125
2015-10-26,118.12999725341797,114.91999816894531,118.08000183105469,115.27999877929688,66333800.0,107.0128402709961
2015-10-27,116.54000091552734,113.98999786376953,115.4000015258789,114.55000305175781,69884400.0,106.335205078125
2015-10-28,119.30000305175781,116.05999755859375,116.93000030517578,119.2699966430664,85551400.0,110.71671295166016
2015-10-29,120.69000244140625,118.2699966430664,118.69999694824219,120.52999877929688,51227300.0,111.88634490966797
2015-10-30,121.22000122070312,119.44999694824219,120.98999786376953,119.5,49365300.0,110.93023681640625
2015-11-02,121.36000061035156,119.61000061035156,120.80000305175781,121.18000030517578,32203300.0,112.48975372314453
2015-11-03,123.48999786376953,120.69999694824219,120.79000091552734,122.56999969482422,45519000.0,113.7800521850586
2015-11-04,123.81999969482422,121.62000274658203,123.12999725341797,122.0,44886100.0,113.25093078613281
2015-11-05,122.69000244140625,120.18000030517578,121.8499984741211,120.91999816894531,39552700.0,112.72887420654297
2015-11-06,121.80999755859375,120.62000274658203,121.11000061035156,121.05999755859375,33042300.0,112.85939025878906
2015-11-09,121.80999755859375,120.05000305175781,120.95999908447266,120.56999969482422,33871400.0,112.402587890625
2015-11-10,118.06999969482422,116.05999755859375,116.9000015258789,116.7699966430664,59127900.0,108.85999298095703
2015-11-11,117.41999816894531,115.20999908447266,116.37000274658203,116.11000061035156,45218000.0,108.24468994140625
2015-11-12,116.81999969482422,115.6500015258789,116.26000213623047,115.72000122070312,32525600.0,107.881103515625
2015-11-13,115.56999969482422,112.2699966430664,115.19999694824219,112.33999633789062,45812400.0,104.73008728027344
2015-11-16,114.23999786376953,111.0,111.37999725341797,114.18000030517578,38106700.0,106.44544219970703
2015-11-17,115.05000305175781,113.31999969482422,114.91999816894531,113.69000244140625,27616900.0,105.9886245727539
2015-11-18,117.48999786376953,115.5,115.76000213623047,117.29000091552734,46674700.0,109.34476470947266
2015-11-19,119.75,116.76000213623047,117.63999938964844,118.77999877929688,43295800.0,110.73382568359375
2015-11-20,119.91999816894531,118.8499984741211,119.19999694824219,119.30000305175781,34287100.0,111.21861267089844
2015-11-23,119.7300033569336,117.33999633789062,119.2699966430664,117.75,32482500.0,109.77360534667969
2015-11-24,119.3499984741211,117.12000274658203,117.33000183105469,118.87999725341797,42803200.0,110.82706451416016
2015-11-25,119.2300033569336,117.91999816894531,119.20999908447266,118.02999877929688,21388300.0,110.03462219238281
2015-11-27,118.41000366210938,117.5999984741211,118.29000091552734,117.80999755859375,13046400.0,109.82953643798828
2015-11-30,119.41000366210938,117.75,117.98999786376953,118.30000305175781,39180300.0,110.2863540649414
2015-12-01,118.80999755859375,116.86000061035156,118.75,117.33999633789062,34852400.0,109.3913803100586
2015-12-02,118.11000061035156,116.08000183105469,117.33999633789062,116.27999877929688,33386600.0,108.4031982421875
2015-12-03,116.79000091552734,114.22000122070312,116.55000305175781,115.19999694824219,41569500.0,107.39633178710938
2015-12-04,119.25,115.11000061035156,115.29000091552734,119.02999877929688,57777000.0,110.96690368652344
2015-12-07,119.86000061035156,117.80999755859375,118.9800033569336,118.27999877929688,32084200.0,110.26771545410156
2015-12-08,118.5999984741211,116.86000061035156,117.5199966430664,118.2300033569336,34309500.0,110.2210922241211
2015-12-09,117.69000244140625,115.08000183105469,117.63999938964844,115.62000274658203,46361400.0,107.78788757324219
2015-12-10,116.94000244140625,115.51000213623047,116.04000091552734,116.16999816894531,29212700.0,108.30064392089844
2015-12-11,115.38999938964844,112.8499984741211,115.19000244140625,113.18000030517578,46886200.0,105.51316833496094
2015-12-14,112.68000030517578,109.79000091552734,112.18000030517578,112.4800033569336,64318700.0,104.86058807373047
2015-12-15,112.80000305175781,110.3499984741211,111.94000244140625,110.48999786376953,53323100.0,103.00540924072266
2015-12-16,111.98999786376953,108.80000305175781,111.06999969482422,111.33999633789062,56238500.0,103.79781341552734
2015-12-17,112.25,108.9800033569336,112.0199966430664,108.9800033569336,44772800.0,101.59768676757812
2015-12-18,109.5199966430664,105.80999755859375,108.91000366210938,106.02999877929688,96453300.0,98.84751892089844
2015-12-21,107.37000274658203,105.56999969482422,107.27999877929688,107.33000183105469,47590600.0,100.05945587158203
2015-12-22,107.72000122070312,106.44999694824219,107.4000015258789,107.2300033569336,32789400.0,99.96623229980469
2015-12-23,108.8499984741211,107.19999694824219,107.2699966430664,108.61000061035156,32657400.0,101.25274658203125
2015-12-24,109.0,107.94999694824219,109.0,108.02999877929688,13570400.0,100.7120361328125
2015-12-28,107.69000244140625,106.18000030517578,107.58999633789062,106.81999969482422,26704200.0,99.5840072631836
2015-12-29,109.43000030517578,106.86000061035156,106.95999908447266,108.73999786376953,30931200.0,101.37393951416016
2015-12-30,108.69999694824219,107.18000030517578,108.58000183105469,107.31999969482422,25213800.0,100.05013275146484
2015-12-31,107.02999877929688,104.81999969482422,107.01000213623047,105.26000213623047,40912300.0,98.12966918945312
2016-01-04,105.37000274658203,102.0,102.61000061035156,105.3499984741211,67649400.0,98.21358489990234
2016-01-05,105.8499984741211,102.41000366210938,105.75,102.70999908447266,55791000.0,95.7524185180664
2016-01-06,102.37000274658203,99.87000274658203,100.55999755859375,100.69999694824219,68457400.0,93.87858581542969
2016-01-07,100.12999725341797,96.43000030517578,98.68000030517578,96.44999694824219,81094400.0,89.91647338867188
2016-01-08,99.11000061035156,96.76000213623047,98.55000305175781,96.95999908447266,70798000.0,90.39190673828125
2016-01-11,99.05999755859375,97.33999633789062,98.97000122070312,98.52999877929688,49739400.0,91.8555679321289
2016-01-12,100.69000244140625,98.83999633789062,100.55000305175781,99.95999908447266,49154200.0,93.18870544433594
2016-01-13,101.19000244140625,97.30000305175781,100.31999969482422,97.38999938964844,62439600.0,90.79279327392578
2016-01-14,100.4800033569336,95.73999786376953,97.95999908447266,99.5199966430664,63170100.0,92.77849578857422
2016-01-15,97.70999908447266,95.36000061035156,96.19999694824219,97.12999725341797,79833900.0,90.5504150390625
2016-01-19,98.6500015258789,95.5,98.41000366210938,96.66000366210938,53087700.0,90.11225128173828
2016-01-20,98.19000244140625,93.41999816894531,95.0999984741211,96.79000091552734,72334400.0,90.23343658447266
2016-01-21,97.87999725341797,94.94000244140625,97.05999755859375,96.30000305175781,52161500.0,89.77662658691406
2016-01-22,101.45999908447266,98.37000274658203,98.62999725341797,101.41999816894531,65800500.0,94.54981231689453
2016-01-25,101.52999877929688,99.20999908447266,101.5199966430664,99.44000244140625,51794500.0,92.70393371582031
2016-01-26,100.87999725341797,98.06999969482422,99.93000030517578,99.98999786376953,75077000.0,93.21665954589844
2016-01-27,96.62999725341797,93.33999633789062,96.04000091552734,93.41999816894531,133369700.0,87.09172821044922
2016-01-28,94.5199966430664,92.38999938964844,93.79000091552734,94.08999633789062,55678800.0,87.7163314819336
2016-01-29,97.33999633789062,94.3499984741211,94.79000091552734,97.33999633789062,64416500.0,90.74617767333984
2016-02-01,96.70999908447266,95.4000015258789,96.47000122070312,96.43000030517578,40943500.0,89.8978271484375
2016-02-02,96.04000091552734,94.27999877929688,95.41999816894531,94.4800033569336,37357200.0,88.07992553710938
2016-02-03,96.83999633789062,94.08000183105469,95.0,96.3499984741211,45964300.0,89.8232421875
2016-02-04,97.33000183105469,95.19000244140625,95.86000061035156,96.5999984741211,46471700.0,90.54499053955078
2016-02-05,96.91999816894531,93.69000244140625,96.5199966430664,94.0199966430664,46418100.0,88.12669372558594
2016-02-08,95.69999694824219,93.04000091552734,93.12999725341797,95.01000213623047,54021400.0,89.05465698242188
2016-02-09,95.94000244140625,93.93000030517578,94.29000091552734,94.98999786376953,44331200.0,89.03590393066406
2016-02-10,96.3499984741211,94.0999984741211,95.91999816894531,94.2699966430664,42343600.0,88.36102294921875
2016-02-11,94.72000122070312,92.58999633789062,93.79000091552734,93.69999694824219,50074700.0,87.82674407958984
2016-02-12,94.5,93.01000213623047,94.19000244140625,93.98999786376953,40351400.0,88.09857177734375
2016-02-16,96.8499984741211,94.61000061035156,95.0199966430664,96.63999938964844,49057900.0,90.58246612548828
2016-02-17,98.20999908447266,96.1500015258789,96.66999816894531,98.12000274658203,44863200.0,91.96971130371094
2016-02-18,98.88999938964844,96.08999633789062,98.83999633789062,96.26000213623047,39021000.0,90.22628784179688
2016-02-19,96.76000213623047,95.80000305175781,96.0,96.04000091552734,35374200.0,90.02007293701172
2016-02-22,96.9000015258789,95.91999816894531,96.30999755859375,96.87999725341797,34280800.0,90.80741119384766
2016-02-23,96.5,94.55000305175781,96.4000015258789,94.69000244140625,31942600.0,88.75467681884766
2016-02-24,96.37999725341797,93.31999969482422,93.9800033569336,96.0999984741211,36255700.0,90.07630920410156
2016-02-25,96.76000213623047,95.25,96.05000305175781,96.76000213623047,27582700.0,90.6949462890625
2016-02-26,98.0199966430664,96.58000183105469,97.19999694824219,96.91000366210938,28991100.0,90.8355484008789
2016-02-29,98.2300033569336,96.6500015258789,96.86000061035156,96.69000244140625,35216300.0,90.62934112548828
2016-03-01,100.7699966430664,97.41999816894531,97.6500015258789,100.52999877929688,50407100.0,94.22864532470703
2016-03-02,100.88999938964844,99.63999938964844,100.51000213623047,100.75,33169600.0,94.43485260009766
2016-03-03,101.70999908447266,100.44999694824219,100.58000183105469,101.5,36955700.0,95.13784790039062
2016-03-04,103.75,101.37000274658203,102.37000274658203,103.01000213623047,46055100.0,96.55318450927734
2016-03-07,102.83000183105469,100.95999908447266,102.38999938964844,101.87000274658203,35828900.0,95.48465728759766
2016-03-08,101.76000213623047,100.4000015258789,100.77999877929688,101.02999877929688,31561900.0,94.69730377197266
2016-03-09,101.58000183105469,100.2699966430664,101.30999755859375,101.12000274658203,27201700.0,94.78165435791016
2016-03-10,102.23999786376953,100.1500015258789,101.41000366210938,101.16999816894531,33513600.0,94.82852935791016
2016-03-11,102.27999877929688,101.5,102.23999786376953,102.26000213623047,27408200.0,95.8501968383789
2016-03-14,102.91000366210938,101.77999877929688,101.91000366210938,102.5199966430664,25076100.0,96.09391021728516
2016-03-15,105.18000030517578,103.8499984741211,103.95999908447266,104.58000183105469,40067700.0,98.0247802734375
2016-03-16,106.30999755859375,104.58999633789062,104.61000061035156,105.97000122070312,38303500.0,99.3276596069336
2016-03-17,106.47000122070312,104.95999908447266,105.5199966430664,105.80000305175781,34420700.0,99.16829681396484
2016-03-18,106.5,105.19000244140625,106.33999633789062,105.91999816894531,44205200.0,99.28077697753906
2016-03-21,107.6500015258789,105.13999938964844,105.93000030517578,105.91000366210938,35502700.0,99.27140808105469
2016-03-22,107.29000091552734,105.20999908447266,105.25,106.72000122070312,32444400.0,100.03065490722656
2016-03-23,107.06999969482422,105.9000015258789,106.4800033569336,106.12999725341797,25703500.0,99.47762298583984
2016-03-24,106.25,104.88999938964844,105.47000122070312,105.66999816894531,26133000.0,99.04645538330078
2016-03-28,106.19000244140625,105.05999755859375,106.0,105.19000244140625,19411400.0,98.59654998779297
2016-03-29,107.79000091552734,104.87999725341797,104.88999938964844,107.68000030517578,31190100.0,100.93046569824219
2016-03-30,110.41999816894531,108.5999984741211,108.6500015258789,109.55999755859375,45601100.0,102.69261932373047
2016-03-31,109.9000015258789,108.87999725341797,109.72000122070312,108.98999786376953,25888400.0,102.15835571289062
2016-04-01,110.0,108.19999694824219,108.77999877929688,109.98999786376953,25874000.0,103.09566497802734
2016-04-04,112.19000244140625,110.2699966430664,110.41999816894531,111.12000274658203,37356200.0,104.15483856201172
2016-04-05,110.7300033569336,109.41999816894531,109.51000213623047,109.80999755859375,26578700.0,102.92696380615234
2016-04-06,110.9800033569336,109.19999694824219,110.2300033569336,110.95999908447266,26404100.0,104.0048599243164
2016-04-07,110.41999816894531,108.12000274658203,109.94999694824219,108.54000091552734,31801900.0,101.73655700683594
2016-04-08,109.7699966430664,108.16999816894531,108.91000366210938,108.66000366210938,23581700.0,101.84904479980469
2016-04-11,110.61000061035156,108.83000183105469,108.97000122070312,109.0199966430664,29407500.0,102.18647003173828
2016-04-12,110.5,108.66000366210938,109.33999633789062,110.44000244140625,27232300.0,103.51747131347656
2016-04-13,112.33999633789062,110.80000305175781,110.80000305175781,112.04000091552734,33257300.0,105.01717376708984
2016-04-14,112.38999938964844,111.33000183105469,111.62000274658203,112.0999984741211,25473900.0,105.07341003417969
2016-04-15,112.30000305175781,109.7300033569336,112.11000061035156,109.8499984741211,46939000.0,102.96444702148438
2016-04-18,108.94999694824219,106.94000244140625,108.88999938964844,107.4800033569336,60821500.0,100.74299621582031
2016-04-19,108.0,106.2300033569336,107.87999725341797,106.91000366210938,32384900.0,100.208740234375
2016-04-20,108.08999633789062,106.05999755859375,106.63999938964844,107.12999725341797,30611000.0,100.41494750976562
2016-04-21,106.93000030517578,105.5199966430664,106.93000030517578,105.97000122070312,31552500.0,99.3276596069336
2016-04-22,106.4800033569336,104.62000274658203,105.01000213623047,105.68000030517578,33683100.0,99.05583190917969
2016-04-25,105.6500015258789,104.51000213623047,105.0,105.08000183105469,28031600.0,98.49344635009766
2016-04-26,105.30000305175781,103.91000366210938,103.91000366210938,104.3499984741211,56016200.0,97.80919647216797
2016-04-27,98.70999908447266,95.68000030517578,96.0,97.81999969482422,114602100.0,91.68851470947266
2016-04-28,97.87999725341797,94.25,97.61000061035156,94.83000183105469,82242700.0,88.88593292236328
2016-04-29,94.72000122070312,92.51000213623047,93.98999786376953,93.73999786376953,68531500.0,87.8642349243164
2016-05-02,94.08000183105469,92.4000015258789,93.97000122070312,93.63999938964844,48160100.0,87.77051544189453
2016-05-03,95.73999786376953,93.68000030517578,94.19999694824219,95.18000030517578,56831300.0,89.21397399902344
2016-05-04,95.9000015258789,93.81999969482422,95.19999694824219,94.19000244140625,41025500.0,88.2860336303711
2016-05-05,94.06999969482422,92.68000030517578,94.0,93.23999786376953,35890500.0,87.92769622802734
2016-05-06,93.44999694824219,91.8499984741211,93.37000274658203,92.72000122070312,43699900.0,87.43732452392578
2016-05-09,93.7699966430664,92.58999633789062,93.0,92.79000091552734,32936400.0,87.5033187866211
2016-05-10,93.56999969482422,92.11000061035156,93.33000183105469,93.41999816894531,33686800.0,88.09742736816406
2016-05-11,93.56999969482422,92.45999908447266,93.4800033569336,92.51000213623047,28719100.0,87.23927307128906
2016-05-12,92.77999877929688,89.47000122070312,92.72000122070312,90.33999633789062,76314700.0,85.19290924072266
2016-05-13,91.66999816894531,90.0,90.0,90.5199966430664,44392800.0,85.36265563964844
2016-05-16,94.38999938964844,91.6500015258789,92.38999938964844,93.87999725341797,61259800.0,88.5312271118164
2016-05-17,94.69999694824219,93.01000213623047,94.55000305175781,93.48999786376953,46916900.0,88.16344451904297
2016-05-18,95.20999908447266,93.88999938964844,94.16000366210938,94.55999755859375,42062400.0,89.17247772216797
2016-05-19,94.63999938964844,93.56999969482422,94.63999938964844,94.19999694824219,30442100.0,88.8329849243164
2016-05-20,95.43000030517578,94.5199966430664,94.63999938964844,95.22000122070312,32026000.0,89.79486846923828
2016-05-23,97.19000244140625,95.66999816894531,95.87000274658203,96.43000030517578,38018600.0,90.9359359741211
2016-05-24,98.08999633789062,96.83999633789062,97.22000122070312,97.9000015258789,35140200.0,92.32218933105469
2016-05-25,99.73999786376953,98.11000061035156,98.66999816894531,99.62000274658203,38168800.0,93.94420623779297
2016-05-26,100.7300033569336,98.63999938964844,99.68000030517578,100.41000366210938,56331200.0,94.68917846679688
2016-05-27,100.47000122070312,99.25,99.44000244140625,100.3499984741211,36341200.0,94.63259887695312
2016-05-31,100.4000015258789,98.81999969482422,99.5999984741211,99.86000061035156,42307200.0,94.17052459716797
2016-06-01,99.54000091552734,98.33000183105469,99.0199966430664,98.45999908447266,29173300.0,92.85027313232422
2016-06-02,97.83999633789062,96.62999725341797,97.5999984741211,97.72000122070312,40191600.0,92.15245819091797
2016-06-03,98.2699966430664,97.44999694824219,97.79000091552734,97.91999816894531,28504900.0,92.34104919433594
2016-06-06,101.88999938964844,97.55000305175781,97.98999786376953,98.62999725341797,23292500.0,93.01058959960938
2016-06-07,99.87000274658203,98.95999908447266,99.25,99.02999877929688,22409500.0,93.38780975341797
2016-06-08,99.55999755859375,98.68000030517578,99.0199966430664,98.94000244140625,20848100.0,93.30293273925781
2016-06-09,99.98999786376953,98.45999908447266,98.5,99.6500015258789,26601400.0,93.97248077392578
2016-06-10,99.3499984741211,98.4800033569336,98.52999877929688,98.83000183105469,31712900.0,93.19921112060547
2016-06-13,99.12000274658203,97.0999984741211,98.69000244140625,97.33999633789062,38020500.0,91.79408264160156
2016-06-14,98.4800033569336,96.75,97.31999969482422,97.45999908447266,31931900.0,91.90725708007812
2016-06-15,98.41000366210938,97.02999877929688,97.81999969482422,97.13999938964844,29445200.0,91.60548400878906
2016-06-16,97.75,96.06999969482422,96.44999694824219,97.55000305175781,31326800.0,91.99214935302734
2016-06-17,96.6500015258789,95.30000305175781,96.62000274658203,95.33000183105469,61008200.0,89.89860534667969
2016-06-20,96.56999969482422,95.02999877929688,96.0,95.0999984741211,34411900.0,89.68171691894531
2016-06-21,96.3499984741211,94.68000030517578,94.94000244140625,95.91000366210938,35546400.0,90.445556640625
2016-06-22,96.88999938964844,95.3499984741211,96.25,95.55000305175781,29219100.0,90.10609436035156
2016-06-23,96.29000091552734,95.25,95.94000244140625,96.0999984741211,32240200.0,90.62474060058594
2016-06-24,94.66000366210938,92.6500015258789,92.91000366210938,93.4000015258789,75311400.0,88.07858276367188
2016-06-27,93.05000305175781,91.5,93.0,92.04000091552734,45489600.0,86.7960433959961
2016-06-28,93.66000366210938,92.13999938964844,92.9000015258789,93.58999633789062,40444900.0,88.25775146484375
2016-06-29,94.55000305175781,93.62999725341797,93.97000122070312,94.4000015258789,36531000.0,89.02159118652344
2016-06-30,95.7699966430664,94.30000305175781,94.44000244140625,95.5999984741211,35836400.0,90.1532211303711
2016-07-01,96.47000122070312,95.33000183105469,95.48999786376953,95.88999938964844,26026500.0,90.42669677734375
2016-07-05,95.4000015258789,94.45999908447266,95.38999938964844,94.98999786376953,27705200.0,89.57799530029297
2016-07-06,95.66000366210938,94.37000274658203,94.5999984741211,95.52999877929688,30949100.0,90.08722686767578
2016-07-07,96.5,95.62000274658203,95.69999694824219,95.94000244140625,25139600.0,90.47386932373047
2016-07-08,96.88999938964844,96.05000305175781,96.48999786376953,96.68000030517578,28912100.0,91.17170715332031
2016-07-11,97.6500015258789,96.7300033569336,96.75,96.9800033569336,23794900.0,91.4546127319336
2016-07-12,97.69999694824219,97.12000274658203,97.16999816894531,97.41999816894531,24167500.0,91.86954498291016
2016-07-13,97.66999816894531,96.83999633789062,97.41000366210938,96.87000274658203,25892200.0,91.35086059570312
2016-07-14,98.98999786376953,97.31999969482422,97.38999938964844,98.79000091552734,38919000.0,93.16149139404297
2016-07-15,99.30000305175781,98.5,98.91999816894531,98.77999877929688,30137000.0,93.15206146240234
2016-07-18,100.12999725341797,98.5999984741211,98.69999694824219,99.83000183105469,36493900.0,94.1422348022461
2016-07-19,100.0,99.33999633789062,99.55999755859375,99.87000274658203,23779900.0,94.1799545288086
2016-07-20,100.45999908447266,99.73999786376953,100.0,99.95999908447266,26276000.0,94.26483154296875
2016-07-21,101.0,99.12999725341797,99.83000183105469,99.43000030517578,32702000.0,93.76502990722656
2016-07-22,99.30000305175781,98.30999755859375,99.26000213623047,98.66000366210938,28313700.0,93.03889465332031
2016-07-25,98.83999633789062,96.91999816894531,98.25,97.33999633789062,40382900.0,91.79408264160156
2016-07-26,97.97000122070312,96.41999816894531,96.81999969482422,96.66999816894531,56239800.0,91.16226959228516
2016-07-27,104.3499984741211,102.75,104.2699966430664,102.94999694824219,92344800.0,97.08444213867188
2016-07-28,104.44999694824219,102.81999969482422,102.83000183105469,104.33999633789062,39869800.0,98.39525604248047
2016-07-29,104.55000305175781,103.68000030517578,104.19000244140625,104.20999908447266,27733700.0,98.2726821899414
2016-08-01,106.1500015258789,104.41000366210938,104.41000366210938,106.05000305175781,38167900.0,100.0078353881836
2016-08-02,106.06999969482422,104.0,106.05000305175781,104.4800033569336,33816600.0,98.52730560302734
2016-08-03,105.83999633789062,104.7699966430664,104.80999755859375,105.79000091552734,30202600.0,99.76266479492188
2016-08-04,106.0,105.27999877929688,105.58000183105469,105.87000274658203,27408700.0,100.37894439697266
2016-08-05,107.6500015258789,106.18000030517578,106.2699966430664,107.4800033569336,40553400.0,101.90543365478516
2016-08-08,108.37000274658203,107.16000366210938,107.5199966430664,108.37000274658203,28037200.0,102.74928283691406
2016-08-09,108.94000244140625,108.01000213623047,108.2300033569336,108.80999755859375,26315200.0,103.16645050048828
2016-08-10,108.9000015258789,107.76000213623047,108.70999908447266,108.0,24008500.0,102.39848327636719
2016-08-11,108.93000030517578,107.8499984741211,108.5199966430664,107.93000030517578,27484500.0,102.33209991455078
2016-08-12,108.44000244140625,107.77999877929688,107.77999877929688,108.18000030517578,18660400.0,102.56913757324219
2016-08-15,109.54000091552734,108.08000183105469,108.13999938964844,109.4800033569336,25868200.0,103.8017349243164
2016-08-16,110.2300033569336,109.20999908447266,109.62999725341797,109.37999725341797,33794400.0,103.70689392089844
2016-08-17,109.37000274658203,108.33999633789062,109.0999984741211,109.22000122070312,25356000.0,103.55518341064453
2016-08-18,109.5999984741211,109.0199966430664,109.2300033569336,109.08000183105469,21984700.0,103.42245483398438
2016-08-19,109.69000244140625,108.36000061035156,108.7699966430664,109.36000061035156,25368100.0,103.68793487548828
2016-08-22,109.0999984741211,107.8499984741211,108.86000061035156,108.51000213623047,25820200.0,102.88201904296875
2016-08-23,109.31999969482422,108.52999877929688,108.58999633789062,108.8499984741211,21257700.0,103.20437622070312
2016-08-24,108.75,107.68000030517578,108.56999969482422,108.02999877929688,23675100.0,102.42691040039062
2016-08-25,107.87999725341797,106.68000030517578,107.38999938964844,107.56999969482422,25086200.0,101.99078369140625
2016-08-26,107.94999694824219,106.30999755859375,107.41000366210938,106.94000244140625,27766300.0,101.3934326171875
2016-08-29,107.44000244140625,106.29000091552734,106.62000274658203,106.81999969482422,24970300.0,101.27967071533203
2016-08-30,106.5,105.5,105.80000305175781,106.0,24863900.0,100.50221252441406
2016-08-31,106.56999969482422,105.63999938964844,105.66000366210938,106.0999984741211,29662400.0,100.5970230102539
2016-09-01,106.80000305175781,105.62000274658203,106.13999938964844,106.7300033569336,26701500.0,101.19434356689453
2016-09-02,108.0,106.81999969482422,107.69999694824219,107.7300033569336,26802500.0,102.1424789428711
2016-09-06,108.30000305175781,107.51000213623047,107.9000015258789,107.69999694824219,26880400.0,102.11402893066406
2016-09-07,108.76000213623047,107.06999969482422,107.83000183105469,108.36000061035156,42364300.0,102.73979187011719
2016-09-08,107.2699966430664,105.23999786376953,107.25,105.5199966430664,53002000.0,100.04710388183594
2016-09-09,105.72000122070312,103.12999725341797,104.63999938964844,103.12999725341797,46557000.0,97.78105926513672
2016-09-12,105.72000122070312,102.52999877929688,102.6500015258789,105.44000244140625,45292800.0,99.97125244140625
2016-09-13,108.79000091552734,107.23999786376953,107.51000213623047,107.94999694824219,62176200.0,102.35105895996094
2016-09-14,113.02999877929688,108.5999984741211,108.7300033569336,111.7699966430664,110888700.0,105.97293853759766
2016-09-15,115.7300033569336,113.48999786376953,113.86000061035156,115.56999969482422,89983600.0,109.57585144042969
2016-09-16,116.12999725341797,114.04000091552734,115.12000274658203,114.91999816894531,79886900.0,108.95956420898438
2016-09-19,116.18000030517578,113.25,115.19000244140625,113.58000183105469,47023000.0,107.68905639648438
2016-09-20,114.12000274658203,112.51000213623047,113.05000305175781,113.56999969482422,34514300.0,107.67958068847656
2016-09-21,113.98999786376953,112.44000244140625,113.8499984741211,113.55000305175781,36003200.0,107.66061401367188
2016-09-22,114.94000244140625,114.0,114.3499984741211,114.62000274658203,31074000.0,108.67513275146484
2016-09-23,114.79000091552734,111.55000305175781,114.41999816894531,112.70999908447266,52481200.0,106.86417388916016
2016-09-26,113.38999938964844,111.55000305175781,111.63999938964844,112.87999725341797,29869400.0,107.0253677368164
2016-09-27,113.18000030517578,112.33999633789062,113.0,113.08999633789062,24607400.0,107.22447967529297
2016-09-28,114.63999938964844,113.43000030517578,113.69000244140625,113.94999694824219,29641100.0,108.03986358642578
2016-09-29,113.80000305175781,111.80000305175781,113.16000366210938,112.18000030517578,35887000.0,106.36168670654297
2016-09-30,113.37000274658203,111.80000305175781,112.45999908447266,113.05000305175781,36379100.0,107.18655395507812
2016-10-03,113.05000305175781,112.27999877929688,112.70999908447266,112.5199966430664,21701800.0,106.68403625488281
2016-10-04,114.30999755859375,112.62999725341797,113.05999755859375,113.0,29736800.0,107.1391372680664
2016-10-05,113.66000366210938,112.69000244140625,113.4000015258789,113.05000305175781,21453100.0,107.18655395507812
2016-10-06,114.33999633789062,113.12999725341797,113.69999694824219,113.88999938964844,28779300.0,107.98298645019531
2016-10-07,114.55999755859375,113.51000213623047,114.30999755859375,114.05999755859375,24358400.0,108.14415740966797
2016-10-10,116.75,114.72000122070312,115.0199966430664,116.05000305175781,36236000.0,110.03095245361328
2016-10-11,118.69000244140625,116.19999694824219,117.69999694824219,116.30000305175781,64041000.0,110.26797485351562
2016-10-12,117.9800033569336,116.75,117.3499984741211,117.33999633789062,37586800.0,111.25403594970703
2016-10-13,117.44000244140625,115.72000122070312,116.79000091552734,116.9800033569336,35192400.0,110.9127197265625
2016-10-14,118.16999816894531,117.12999725341797,117.87999725341797,117.62999725341797,35652200.0,111.52898406982422
2016-10-17,117.83999633789062,116.77999877929688,117.33000183105469,117.55000305175781,23624900.0,111.45313262939453
2016-10-18,118.20999908447266,117.44999694824219,118.18000030517578,117.47000122070312,24553500.0,111.37730407714844
2016-10-19,117.76000213623047,113.80000305175781,117.25,117.12000274658203,20034600.0,111.04544830322266
2016-10-20,117.37999725341797,116.33000183105469,116.86000061035156,117.05999755859375,24125800.0,110.98857879638672
2016-10-21,116.91000366210938,116.27999877929688,116.80999755859375,116.5999984741211,23192700.0,110.55242156982422
2016-10-24,117.73999786376953,117.0,117.0999984741211,117.6500015258789,23538700.0,111.5479507446289
2016-10-25,118.36000061035156,117.30999755859375,117.94999694824219,118.25,48129000.0,112.11682891845703
2016-10-26,115.69999694824219,113.30999755859375,114.30999755859375,115.58999633789062,66134200.0,109.59480285644531
2016-10-27,115.86000061035156,114.0999984741211,115.38999938964844,114.4800033569336,34562000.0,108.54236602783203
2016-10-28,115.20999908447266,113.44999694824219,113.87000274658203,113.72000122070312,37861700.0,107.82178497314453
2016-10-31,114.2300033569336,113.19999694824219,113.6500015258789,113.54000091552734,26419400.0,107.651123046875
2016-11-01,113.7699966430664,110.52999877929688,113.45999908447266,111.48999786376953,43825800.0,105.70744323730469
2016-11-02,112.3499984741211,111.2300033569336,111.4000015258789,111.58999633789062,28331700.0,105.80226135253906
2016-11-03,111.45999908447266,109.55000305175781,110.9800033569336,109.83000183105469,26932600.0,104.66822052001953
2016-11-04,110.25,108.11000061035156,108.52999877929688,108.83999633789062,30837000.0,103.72472381591797
2016-11-07,110.51000213623047,109.45999908447266,110.08000183105469,110.41000366210938,32560000.0,105.22093200683594
2016-11-08,111.72000122070312,109.69999694824219,110.30999755859375,111.05999755859375,24254200.0,105.84037780761719
2016-11-09,111.31999969482422,108.05000305175781,109.87999725341797,110.87999725341797,59176400.0,105.66886138916016
2016-11-10,111.08999633789062,105.83000183105469,111.08999633789062,107.79000091552734,57134500.0,102.72408294677734
2016-11-11,108.87000274658203,106.55000305175781,107.12000274658203,108.43000030517578,34143900.0,103.3340072631836
2016-11-14,107.80999755859375,104.08000183105469,107.70999908447266,105.70999908447266,51175500.0,100.74183654785156
2016-11-15,107.68000030517578,106.16000366210938,106.56999969482422,107.11000061035156,32264500.0,102.0760498046875
2016-11-16,110.2300033569336,106.5999984741211,106.69999694824219,109.98999786376953,58840500.0,104.82067108154297
2016-11-17,110.3499984741211,108.83000183105469,109.80999755859375,109.94999694824219,27632000.0,104.78254699707031
2016-11-18,110.54000091552734,109.66000366210938,109.72000122070312,110.05999755859375,28428900.0,104.88740539550781
2016-11-21,111.98999786376953,110.01000213623047,110.12000274658203,111.7300033569336,29264600.0,106.47891235351562
2016-11-22,112.41999816894531,111.4000015258789,111.94999694824219,111.80000305175781,25965500.0,106.54560852050781
2016-11-23,111.51000213623047,110.33000183105469,111.36000061035156,111.2300033569336,27426400.0,106.00240325927734
2016-11-25,111.87000274658203,110.94999694824219,111.12999725341797,111.79000091552734,11475900.0,106.53608703613281
2016-11-28,112.47000122070312,111.38999938964844,111.43000030517578,111.56999969482422,27194000.0,106.326416015625
2016-11-29,112.02999877929688,110.06999969482422,110.77999877929688,111.45999908447266,28528800.0,106.22160339355469
2016-11-30,112.19999694824219,110.2699966430664,111.5999984741211,110.5199966430664,36162300.0,105.32576751708984
2016-12-01,110.94000244140625,109.02999877929688,110.37000274658203,109.48999786376953,37086900.0,104.34417724609375
2016-12-02,110.08999633789062,108.8499984741211,109.16999816894531,109.9000015258789,26528000.0,104.73490142822266
2016-12-05,110.02999877929688,108.25,110.0,109.11000061035156,34324500.0,103.98204803466797
2016-12-06,110.36000061035156,109.19000244140625,109.5,109.94999694824219,26195500.0,104.78254699707031
2016-12-07,111.19000244140625,109.16000366210938,109.26000213623047,111.02999877929688,29998700.0,105.81182098388672
2016-12-08,112.43000030517578,110.5999984741211,110.86000061035156,112.12000274658203,27068300.0,106.85057830810547
2016-12-09,114.69999694824219,112.30999755859375,112.30999755859375,113.94999694824219,34402600.0,108.59456634521484
2016-12-12,115.0,112.48999786376953,113.29000091552734,113.30000305175781,26374400.0,107.9751205444336
2016-12-13,115.91999816894531,113.75,113.83999633789062,115.19000244140625,43733800.0,109.77630615234375
2016-12-14,116.19999694824219,114.9800033569336,115.04000091552734,115.19000244140625,34031800.0,109.77630615234375
2016-12-15,116.7300033569336,115.2300033569336,115.37999725341797,115.81999969482422,46524500.0,110.37667846679688
2016-12-16,116.5,115.6500015258789,116.47000122070312,115.97000122070312,44351100.0,110.5196304321289
2016-12-19,117.37999725341797,115.75,115.80000305175781,116.63999938964844,27779400.0,111.15814971923828
2016-12-20,117.5,116.68000030517578,116.73999786376953,116.94999694824219,21425000.0,111.45357513427734
2016-12-21,117.4000015258789,116.77999877929688,116.80000305175781,117.05999755859375,23783200.0,111.55841064453125
2016-12-22,116.51000213623047,115.63999938964844,116.3499984741211,116.29000091552734,26085900.0,110.82459259033203
2016-12-23,116.5199966430664,115.58999633789062,115.58999633789062,116.5199966430664,14249500.0,111.04377746582031
2016-12-27,117.80000305175781,116.48999786376953,116.5199966430664,117.26000213623047,18296900.0,111.7490005493164
2016-12-28,118.0199966430664,116.19999694824219,117.5199966430664,116.76000213623047,20905900.0,111.27250671386719
2016-12-29,117.11000061035156,116.4000015258789,116.44999694824219,116.7300033569336,15039500.0,111.2439193725586
2016-12-30,117.19999694824219,115.43000030517578,116.6500015258789,115.81999969482422,30586300.0,110.37667846679688
2017-01-03,116.33000183105469,114.76000213623047,115.80000305175781,116.1500015258789,28781900.0,110.69115447998047
2017-01-04,116.51000213623047,115.75,115.8499984741211,116.0199966430664,21118100.0,110.56727600097656
2017-01-05,116.86000061035156,115.80999755859375,115.91999816894531,116.61000061035156,22193600.0,111.12956237792969
2017-01-06,118.16000366210938,116.47000122070312,116.77999877929688,117.91000366210938,31751900.0,112.36846923828125
2017-01-09,119.43000030517578,117.94000244140625,117.94999694824219,118.98999786376953,33561900.0,113.39769744873047
2017-01-10,119.37999725341797,118.30000305175781,118.7699966430664,119.11000061035156,24462100.0,113.51206970214844
2017-01-11,119.93000030517578,118.5999984741211,118.73999786376953,119.75,27588600.0,114.12198638916016
2017-01-12,119.30000305175781,118.20999908447266,118.9000015258789,119.25,27086200.0,113.64545440673828
2017-01-13,119.62000274658203,118.80999755859375,119.11000061035156,119.04000091552734,26111900.0,113.44534301757812
2017-01-17,120.23999786376953,118.22000122070312,118.33999633789062,120.0,34439800.0,114.36023712158203
2017-01-18,120.5,119.70999908447266,120.0,119.98999786376953,23713000.0,114.35069274902344
2017-01-19,120.08999633789062,119.37000274658203,119.4000015258789,119.77999877929688,25597300.0,114.15055847167969
2017-01-20,120.44999694824219,119.7300033569336,120.44999694824219,120.0,32597900.0,114.36023712158203
2017-01-23,120.80999755859375,119.7699966430664,120.0,120.08000183105469,22050200.0,114.43647766113281
2017-01-24,120.0999984741211,119.5,119.55000305175781,119.97000122070312,23211000.0,114.33164978027344
2017-01-25,122.0999984741211,120.27999877929688,120.41999816894531,121.87999725341797,32377600.0,116.1518783569336
2017-01-26,122.44000244140625,121.5999984741211,121.66999816894531,121.94000244140625,26337600.0,116.20904541015625
2017-01-27,122.3499984741211,121.5999984741211,122.13999938964844,121.94999694824219,20562900.0,116.21858215332031
2017-01-30,121.62999725341797,120.66000366210938,120.93000030517578,121.62999725341797,30377500.0,115.91360473632812
2017-01-31,121.38999938964844,120.62000274658203,121.1500015258789,121.3499984741211,49201000.0,115.64677429199219
2017-02-01,130.49000549316406,127.01000213623047,127.02999877929688,128.75,111985000.0,122.69898986816406
2017-02-02,129.38999938964844,127.77999877929688,127.9800033569336,128.52999877929688,33710400.0,122.48934173583984
2017-02-03,129.19000244140625,128.16000366210938,128.30999755859375,129.0800018310547,24507300.0,123.01349639892578
2017-02-06,130.5,128.89999389648438,129.1300048828125,130.2899932861328,26845900.0,124.1666259765625
2017-02-07,132.08999633789062,130.4499969482422,130.5399932861328,131.52999877929688,38183800.0,125.34832763671875
2017-02-08,132.22000122070312,131.22000122070312,131.35000610351562,132.0399932861328,23004100.0,125.83436584472656
2017-02-09,132.4499969482422,131.1199951171875,131.64999389648438,132.4199981689453,28349900.0,126.74364471435547
2017-02-10,132.94000244140625,132.0500030517578,132.4600067138672,132.1199951171875,20065500.0,126.45648956298828
2017-02-13,133.82000732421875,132.75,133.0800018310547,133.2899932861328,23035400.0,127.57633972167969
2017-02-14,135.08999633789062,133.25,133.47000122070312,135.02000427246094,33226200.0,129.23219299316406
2017-02-15,136.27000427246094,134.6199951171875,135.52000427246094,135.50999450683594,35623100.0,129.70118713378906
2017-02-16,135.89999389648438,134.83999633789062,135.6699981689453,135.35000610351562,22584600.0,129.5480499267578
2017-02-17,135.8300018310547,135.10000610351562,135.10000610351562,135.72000122070312,22198200.0,129.90220642089844
2017-02-21,136.75,135.97999572753906,136.22999572753906,136.6999969482422,24507200.0,130.8402099609375
2017-02-22,137.1199951171875,136.11000061035156,136.42999267578125,137.11000061035156,20836900.0,131.23260498046875
2017-02-23,137.47999572753906,136.3000030517578,137.3800048828125,136.52999877929688,20788200.0,130.67745971679688
2017-02-24,136.66000366210938,135.27999877929688,135.91000366210938,136.66000366210938,21776600.0,130.8019256591797
2017-02-27,137.44000244140625,136.27999877929688,137.13999938964844,136.92999267578125,20257400.0,131.06033325195312
2017-02-28,137.44000244140625,136.6999969482422,137.0800018310547,136.99000549316406,23482900.0,131.11778259277344
2017-03-01,140.14999389648438,137.60000610351562,137.88999938964844,139.7899932861328,36414600.0,133.79769897460938
2017-03-02,140.27999877929688,138.75999450683594,140.0,138.9600067138672,26211000.0,133.00331115722656
2017-03-03,139.8300018310547,138.58999633789062,138.77999877929688,139.77999877929688,21108100.0,133.78814697265625
2017-03-06,139.77000427246094,138.60000610351562,139.3699951171875,139.33999633789062,21750000.0,133.36700439453125
2017-03-07,139.97999572753906,138.7899932861328,139.05999755859375,139.52000427246094,17446300.0,133.539306640625
2017-03-08,139.8000030517578,138.82000732421875,138.9499969482422,139.0,18707200.0,133.0415802001953
2017-03-09,138.7899932861328,137.0500030517578,138.74000549316406,138.67999267578125,22155900.0,132.73529052734375
2017-03-10,139.36000061035156,138.63999938964844,139.25,139.13999938964844,19612800.0,133.17559814453125
2017-03-13,139.42999267578125,138.82000732421875,138.85000610351562,139.1999969482422,17421700.0,133.23300170898438
2017-03-14,139.64999389648438,138.83999633789062,139.3000030517578,138.99000549316406,15309100.0,133.0320281982422
2017-03-15,140.75,139.02999877929688,139.41000366210938,140.4600067138672,25691800.0,134.43902587890625
2017-03-16,141.02000427246094,140.25999450683594,140.72000122070312,140.69000244140625,19232000.0,134.6591339111328
2017-03-17,141.0,139.88999938964844,141.0,139.99000549316406,43885000.0,133.98916625976562
2017-03-20,141.5,140.22999572753906,140.39999389648438,141.4600067138672,21542000.0,135.39614868164062
2017-03-21,142.8000030517578,139.72999572753906,142.11000061035156,139.83999633789062,39529900.0,133.8455810546875
2017-03-22,141.60000610351562,139.75999450683594,139.85000610351562,141.4199981689453,25860200.0,135.3578643798828
2017-03-23,141.5800018310547,140.61000061035156,141.25999450683594,140.9199981689453,20346300.0,134.87925720214844
2017-03-24,141.74000549316406,140.35000610351562,141.5,140.63999938964844,22395600.0,134.6112823486328
2017-03-27,141.22000122070312,138.6199951171875,139.38999938964844,140.8800048828125,23575100.0,134.8410186767578
2017-03-28,144.0399932861328,140.6199951171875,140.91000366210938,143.8000030517578,33374800.0,137.63584899902344
2017-03-29,144.49000549316406,143.19000244140625,143.67999267578125,144.1199951171875,29190000.0,137.9420928955078
2017-03-30,144.5,143.5,144.19000244140625,143.92999267578125,21207300.0,137.76023864746094
2017-03-31,144.27000427246094,143.00999450683594,143.72000122070312,143.66000366210938,19661700.0,137.50184631347656
2017-04-03,144.1199951171875,143.0500030517578,143.7100067138672,143.6999969482422,19985700.0,137.54014587402344
2017-04-04,144.88999938964844,143.1699981689453,143.25,144.77000427246094,19891400.0,138.5642547607422
2017-04-05,145.4600067138672,143.80999755859375,144.22000122070312,144.02000427246094,27717900.0,137.8463897705078
2017-04-06,144.52000427246094,143.4499969482422,144.2899932861328,143.66000366210938,21149000.0,137.50184631347656
2017-04-07,144.17999267578125,143.27000427246094,143.72999572753906,143.33999633789062,16672200.0,137.195556640625
2017-04-10,143.8800048828125,142.89999389648438,143.60000610351562,143.1699981689453,18933400.0,137.0328369140625
2017-04-11,143.35000610351562,140.05999755859375,142.94000244140625,141.6300048828125,30379400.0,135.55886840820312
2017-04-12,142.14999389648438,141.00999450683594,141.60000610351562,141.8000030517578,20350000.0,135.72154235839844
2017-04-13,142.3800048828125,141.0500030517578,141.91000366210938,141.0500030517578,17822900.0,135.00372314453125
2017-04-17,141.8800048828125,140.8699951171875,141.47999572753906,141.8300018310547,16582100.0,135.75027465820312
2017-04-18,142.0399932861328,141.11000061035156,141.41000366210938,141.1999969482422,14697500.0,135.14730834960938
2017-04-19,142.0,140.4499969482422,141.8800048828125,140.67999267578125,17328400.0,134.64956665039062
2017-04-20,142.9199981689453,141.16000366210938,141.22000122070312,142.44000244140625,23319600.0,136.33413696289062
2017-04-21,142.67999267578125,141.85000610351562,142.44000244140625,142.27000427246094,17320900.0,136.1714324951172
2017-04-24,143.9499969482422,143.17999267578125,143.5,143.63999938964844,17134300.0,137.48269653320312
2017-04-25,144.89999389648438,143.8699951171875,143.91000366210938,144.52999877929688,18871500.0,138.3345489501953
2017-04-26,144.60000610351562,143.3800048828125,144.47000122070312,143.67999267578125,20041200.0,137.52099609375
2017-04-27,144.16000366210938,143.30999755859375,143.9199981689453,143.7899932861328,14246300.0,137.62625122070312
2017-04-28,144.3000030517578,143.27000427246094,144.08999633789062,143.64999389648438,20860400.0,137.4922637939453
2017-05-01,147.1999969482422,144.9600067138672,145.10000610351562,146.5800018310547,33602900.0,140.2966766357422
2017-05-02,148.08999633789062,146.83999633789062,147.5399932861328,147.50999450683594,45352200.0,141.18678283691406
2017-05-03,147.49000549316406,144.27000427246094,145.58999633789062,147.05999755859375,45697000.0,140.75611877441406
2017-05-04,147.13999938964844,145.80999755859375,146.52000427246094,146.52999877929688,23371900.0,140.24879455566406
2017-05-05,148.97999572753906,146.75999450683594,146.75999450683594,148.9600067138672,27327700.0,142.5746307373047
2017-05-08,153.6999969482422,149.02999877929688,149.02999877929688,153.00999450683594,48752400.0,146.4510498046875
2017-05-09,154.8800048828125,153.4499969482422,153.8699951171875,153.99000549316406,39130400.0,147.3890380859375
2017-05-10,153.94000244140625,152.11000061035156,153.6300048828125,153.25999450683594,25805700.0,146.6903076171875
2017-05-11,154.07000732421875,152.30999755859375,152.4499969482422,153.9499969482422,27255100.0,147.95892333984375
2017-05-12,156.4199981689453,154.6699981689453,154.6999969482422,156.10000610351562,32527000.0,150.0252685546875
2017-05-15,156.64999389648438,155.0500030517578,156.00999450683594,155.6999969482422,26009700.0,149.64085388183594
2017-05-16,156.05999755859375,154.72000122070312,155.94000244140625,155.47000122070312,20048500.0,149.41976928710938
2017-05-17,154.57000732421875,149.7100067138672,153.60000610351562,150.25,50767700.0,144.40293884277344
2017-05-18,153.33999633789062,151.1300048828125,151.27000427246094,152.5399932861328,33568200.0,146.60379028320312
2017-05-19,153.97999572753906,152.6300048828125,153.3800048828125,153.05999755859375,26960800.0,147.10354614257812
2017-05-22,154.5800018310547,152.91000366210938,154.0,153.99000549316406,22966400.0,147.99737548828125
2017-05-23,154.89999389648438,153.30999755859375,154.89999389648438,153.8000030517578,19918900.0,147.8147735595703
2017-05-24,154.1699981689453,152.6699981689453,153.83999633789062,153.33999633789062,19178000.0,147.3726806640625
2017-05-25,154.35000610351562,153.02999877929688,153.72999572753906,153.8699951171875,19235600.0,147.88201904296875
2017-05-26,154.24000549316406,153.30999755859375,154.0,153.61000061035156,21927600.0,147.6322021484375
2017-05-30,154.42999267578125,153.3300018310547,153.4199981689453,153.6699981689453,20126900.0,147.68984985351562
2017-05-31,154.1699981689453,152.3800048828125,153.97000122070312,152.75999450683594,24451200.0,146.81524658203125
2017-06-01,153.3300018310547,152.22000122070312,153.1699981689453,153.17999267578125,16404100.0,147.21890258789062
2017-06-02,155.4499969482422,152.88999938964844,153.5800018310547,155.4499969482422,27770700.0,149.40057373046875
2017-06-05,154.4499969482422,153.4600067138672,154.33999633789062,153.92999267578125,25331700.0,147.93971252441406
2017-06-06,155.80999755859375,153.77999877929688,153.89999389648438,154.4499969482422,26624900.0,148.43948364257812
2017-06-07,155.97999572753906,154.47999572753906,155.02000427246094,155.3699951171875,21069600.0,149.32369995117188
2017-06-08,155.5399932861328,154.39999389648438,155.25,154.99000549316406,21250800.0,148.95848083496094
2017-06-09,155.19000244140625,146.02000427246094,155.19000244140625,148.97999572753906,64882700.0,143.18234252929688
2017-06-12,146.08999633789062,142.50999450683594,145.74000549316406,145.4199981689453,72307300.0,139.7609100341797
2017-06-13,147.4499969482422,145.14999389648438,147.16000366210938,146.58999633789062,34165400.0,140.8853759765625
2017-06-14,147.5,143.83999633789062,147.5,145.16000366210938,31531200.0,139.51101684570312
2017-06-15,144.47999572753906,142.2100067138672,143.32000732421875,144.2899932861328,32165400.0,138.67483520507812
2017-06-16,144.5,142.1999969482422,143.77999877929688,142.27000427246094,50361100.0,136.73348999023438
2017-06-19,146.74000549316406,143.66000366210938,143.66000366210938,146.33999633789062,32541400.0,140.64508056640625
2017-06-20,146.8699951171875,144.94000244140625,146.8699951171875,145.00999450683594,24900100.0,139.36685180664062
2017-06-21,146.07000732421875,144.61000061035156,145.52000427246094,145.8699951171875,21265800.0,140.19337463378906
2017-06-22,146.6999969482422,145.1199951171875,145.77000427246094,145.6300048828125,19106300.0,139.96275329589844
2017-06-23,147.16000366210938,145.11000061035156,145.1300048828125,146.27999877929688,35439400.0,140.58741760253906
2017-06-26,148.27999877929688,145.3800048828125,147.1699981689453,145.82000732421875,25692400.0,140.14532470703125
2017-06-27,146.16000366210938,143.6199951171875,145.00999450683594,143.72999572753906,24761900.0,138.1366424560547
2017-06-28,146.11000061035156,143.16000366210938,144.49000549316406,145.8300018310547,22082400.0,140.1549530029297
2017-06-29,145.1300048828125,142.27999877929688,144.7100067138672,143.67999267578125,31499400.0,138.08860778808594
2017-06-30,144.9600067138672,143.77999877929688,144.4499969482422,144.02000427246094,23024100.0,138.41537475585938
2017-07-03,145.3000030517578,143.10000610351562,144.8800048828125,143.5,14277800.0,137.91558837890625
2017-07-05,144.7899932861328,142.72000122070312,143.69000244140625,144.08999633789062,21569600.0,138.48265075683594
2017-07-06,143.5,142.41000366210938,143.02000427246094,142.72999572753906,24128800.0,137.1755828857422
2017-07-07,144.75,142.89999389648438,142.89999389648438,144.17999267578125,19201700.0,138.56915283203125
2017-07-10,145.9499969482422,143.3699951171875,144.11000061035156,145.05999755859375,21090600.0,139.4148712158203
2017-07-11,145.85000610351562,144.3800048828125,144.72999572753906,145.52999877929688,19781800.0,139.86660766601562
2017-07-12,146.17999267578125,144.82000732421875,145.8699951171875,145.74000549316406,24884500.0,140.0684356689453
2017-07-13,148.49000549316406,145.44000244140625,145.5,147.77000427246094,25199400.0,142.01947021484375
2017-07-14,149.3300018310547,147.3300018310547,147.97000122070312,149.0399932861328,20132100.0,143.24002075195312
2017-07-17,150.89999389648438,148.57000732421875,148.82000732421875,149.55999755859375,23793500.0,143.73976135253906
2017-07-18,150.1300048828125,148.6699981689453,149.1999969482422,150.0800018310547,17868800.0,144.2395477294922
2017-07-19,151.4199981689453,149.9499969482422,150.47999572753906,151.02000427246094,20923000.0,145.14295959472656
2017-07-20,151.74000549316406,150.19000244140625,151.5,150.33999633789062,17243700.0,144.48941040039062
2017-07-21,150.44000244140625,148.8800048828125,149.99000549316406,150.27000427246094,26252600.0,144.42213439941406
2017-07-24,152.44000244140625,149.89999389648438,150.5800018310547,152.08999633789062,21493200.0,146.1713409423828
2017-07-25,153.83999633789062,151.8000030517578,151.8000030517578,152.74000549316406,18853900.0,146.7960205078125
2017-07-26,153.92999267578125,153.05999755859375,153.35000610351562,153.4600067138672,15781000.0,147.48802185058594
2017-07-27,153.99000549316406,147.3000030517578,153.75,150.55999755859375,32476300.0,144.70086669921875
2017-07-28,150.22999572753906,149.19000244140625,149.88999938964844,149.5,17213700.0,143.68211364746094
2017-07-31,150.3300018310547,148.1300048828125,149.89999389648438,148.72999572753906,19845900.0,142.94207763671875
2017-08-01,150.22000122070312,148.41000366210938,149.10000610351562,150.0500030517578,35368600.0,144.21072387695312
2017-08-02,159.75,156.16000366210938,159.27999877929688,157.13999938964844,69936800.0,151.02479553222656
2017-08-03,157.2100067138672,155.02000427246094,157.0500030517578,155.57000732421875,27097300.0,149.51589965820312
2017-08-04,157.39999389648438,155.69000244140625,156.07000732421875,156.38999938964844,20559900.0,150.30398559570312
2017-08-07,158.9199981689453,156.6699981689453,157.05999755859375,158.80999755859375,21870300.0,152.62982177734375
2017-08-08,161.8300018310547,158.27000427246094,158.60000610351562,160.0800018310547,36205900.0,153.8503875732422
2017-08-09,161.27000427246094,159.11000061035156,159.25999450683594,161.05999755859375,26131500.0,154.792236328125
2017-08-10,160.0,154.6300048828125,159.89999389648438,155.32000732421875,40804300.0,149.86183166503906
2017-08-11,158.57000732421875,156.07000732421875,156.60000610351562,157.47999572753906,26257100.0,151.94593811035156
2017-08-14,160.2100067138672,158.75,159.32000732421875,159.85000610351562,22122700.0,154.23263549804688
2017-08-15,162.1999969482422,160.13999938964844,160.66000366210938,161.60000610351562,29465500.0,155.92112731933594
2017-08-16,162.50999450683594,160.14999389648438,161.94000244140625,160.9499969482422,27671600.0,155.2939910888672
2017-08-17,160.7100067138672,157.83999633789062,160.52000427246094,157.86000061035156,27940600.0,152.31256103515625
2017-08-18,159.5,156.72000122070312,157.86000061035156,157.5,27428100.0,151.96524047851562
2017-08-21,157.88999938964844,155.11000061035156,157.5,157.2100067138672,26368500.0,151.6854248046875
2017-08-22,160.0,158.02000427246094,158.22999572753906,159.77999877929688,21604600.0,154.1651153564453
2017-08-23,160.47000122070312,158.8800048828125,159.07000732421875,159.97999572753906,19399100.0,154.35806274414062
2017-08-24,160.74000549316406,158.5500030517578,160.42999267578125,159.27000427246094,19818900.0,153.6730194091797
2017-08-25,160.55999755859375,159.27000427246094,159.64999389648438,159.86000061035156,25480100.0,154.24229431152344
2017-08-28,162.0,159.92999267578125,160.13999938964844,161.47000122070312,25966000.0,155.79571533203125
2017-08-29,163.1199951171875,160.0,160.10000610351562,162.91000366210938,29516900.0,157.1851043701172
2017-08-30,163.88999938964844,162.61000061035156,163.8000030517578,163.35000610351562,27269600.0,157.6096649169922
2017-08-31,164.52000427246094,163.47999572753906,163.63999938964844,164.0,26785100.0,158.23678588867188
2017-09-01,164.94000244140625,163.6300048828125,164.8000030517578,164.0500030517578,16591100.0,158.28506469726562
2017-09-05,164.25,160.55999755859375,163.75,162.0800018310547,29468500.0,156.38427734375
2017-09-06,162.99000549316406,160.52000427246094,162.7100067138672,161.91000366210938,21651700.0,156.22021484375
2017-09-07,162.24000549316406,160.36000061035156,162.08999633789062,161.25999450683594,21928500.0,155.5930938720703
2017-09-08,161.14999389648438,158.52999877929688,160.86000061035156,158.6300048828125,28611500.0,153.05552673339844
2017-09-11,162.0500030517578,159.88999938964844,160.5,161.5,31580800.0,155.8246612548828
2017-09-12,163.9600067138672,158.77000427246094,162.61000061035156,160.86000061035156,71714000.0,155.20716857910156
2017-09-13,159.9600067138672,157.91000366210938,159.8699951171875,159.64999389648438,44907400.0,154.0396728515625
2017-09-14,159.39999389648438,158.08999633789062,158.99000549316406,158.27999877929688,23760700.0,152.71780395507812
2017-09-15,160.97000122070312,158.0,158.47000122070312,159.8800048828125,49114600.0,154.2615966796875
2017-09-18,160.5,158.0,160.11000061035156,158.6699981689453,28269400.0,153.0941162109375
2017-09-19,159.77000427246094,158.44000244140625,159.50999450683594,158.72999572753906,20810600.0,153.1519775390625
2017-09-20,158.25999450683594,153.8300018310547,157.89999389648438,156.07000732421875,52951400.0,150.58547973632812
2017-09-21,155.8000030517578,152.75,155.8000030517578,153.38999938964844,37511700.0,147.99964904785156
2017-09-22,152.27000427246094,150.55999755859375,151.5399932861328,151.88999938964844,46645400.0,146.55235290527344
2017-09-25,151.8300018310547,149.16000366210938,149.99000549316406,150.5500030517578,44387300.0,145.25946044921875
2017-09-26,153.9199981689453,151.69000244140625,151.77999877929688,153.13999938964844,36660000.0,147.7584228515625
2017-09-27,154.72000122070312,153.5399932861328,153.8000030517578,154.22999572753906,25504200.0,148.81011962890625
2017-09-28,154.27999877929688,152.6999969482422,153.88999938964844,153.27999877929688,22005500.0,147.89352416992188
2017-09-29,154.1300048828125,152.0,153.2100067138672,154.1199951171875,26299800.0,148.7039794921875
2017-10-02,154.4499969482422,152.72000122070312,154.25999450683594,153.80999755859375,18698800.0,148.40489196777344
2017-10-03,155.08999633789062,153.91000366210938,154.00999450683594,154.47999572753906,16230300.0,149.05136108398438
2017-10-04,153.86000061035156,152.4600067138672,153.6300048828125,153.47999572753906,20163800.0,148.0865020751953
2017-10-05,155.44000244140625,154.0500030517578,154.17999267578125,155.38999938964844,21283800.0,149.9293670654297
2017-10-06,155.49000549316406,154.55999755859375,154.97000122070312,155.3000030517578,17407600.0,149.84251403808594
2017-10-09,156.72999572753906,155.49000549316406,155.80999755859375,155.83999633789062,16262900.0,150.36354064941406
2017-10-10,158.0,155.10000610351562,156.05999755859375,155.89999389648438,15617000.0,150.4214324951172
2017-10-11,156.97999572753906,155.75,155.97000122070312,156.5500030517578,16905600.0,151.04861450195312
2017-10-12,157.3699951171875,155.72999572753906,156.35000610351562,156.0,16125100.0,150.51795959472656
2017-10-13,157.27999877929688,156.41000366210938,156.72999572753906,156.99000549316406,16394200.0,151.47315979003906
2017-10-16,160.0,157.64999389648438,157.89999389648438,159.8800048828125,24121500.0,154.2615966796875
2017-10-17,160.8699951171875,159.22999572753906,159.77999877929688,160.47000122070312,18997300.0,154.8308563232422
2017-10-18,160.7100067138672,159.60000610351562,160.4199981689453,159.75999450683594,16374200.0,154.14581298828125
2017-10-19,157.0800018310547,155.02000427246094,156.75,155.97999572753906,42584200.0,150.49862670898438
2017-10-20,157.75,155.9600067138672,156.61000061035156,156.25,23974100.0,150.75914001464844
2017-10-23,157.69000244140625,155.5,156.88999938964844,156.1699981689453,21984300.0,150.68197631835938
2017-10-24,157.4199981689453,156.1999969482422,156.2899932861328,157.10000610351562,17757200.0,151.5792694091797
2017-10-25,157.5500030517578,155.27000427246094,156.91000366210938,156.41000366210938,21207100.0,150.9135284423828
2017-10-26,157.8300018310547,156.77999877929688,157.22999572753906,157.41000366210938,17000500.0,151.87835693359375
2017-10-27,163.60000610351562,158.6999969482422,159.2899932861328,163.0500030517578,44454200.0,157.32015991210938
2017-10-30,168.07000732421875,163.72000122070312,163.88999938964844,166.72000122070312,44700800.0,160.86123657226562
2017-10-31,169.64999389648438,166.94000244140625,167.89999389648438,169.0399932861328,36046800.0,163.09967041015625
2017-11-01,169.94000244140625,165.61000061035156,169.8699951171875,166.88999938964844,33637800.0,161.02525329589844
2017-11-02,168.5,165.27999877929688,166.60000610351562,168.11000061035156,41393400.0,162.20237731933594
2017-11-03,174.25999450683594,171.1199951171875,174.0,172.5,59398600.0,166.43809509277344
2017-11-06,174.99000549316406,171.72000122070312,172.3699951171875,174.25,35026300.0,168.12660217285156
2017-11-07,175.25,173.60000610351562,173.91000366210938,174.80999755859375,24361500.0,168.66690063476562
2017-11-08,176.24000549316406,174.3300018310547,174.66000366210938,176.24000549316406,24409500.0,170.04669189453125
2017-11-09,176.10000610351562,173.13999938964844,175.11000061035156,175.8800048828125,29482600.0,169.69935607910156
2017-11-10,175.3800048828125,174.27000427246094,175.11000061035156,174.6699981689453,25145500.0,169.13768005371094
2017-11-13,174.5,173.39999389648438,173.5,173.97000122070312,16982100.0,168.45986938476562
2017-11-14,173.47999572753906,171.17999267578125,173.0399932861328,171.33999633789062,24782500.0,165.9131317138672
2017-11-15,170.32000732421875,168.3800048828125,169.97000122070312,169.0800018310547,29158100.0,163.72471618652344
2017-11-16,171.8699951171875,170.3000030517578,171.17999267578125,171.10000610351562,23637500.0,165.68077087402344
2017-11-17,171.38999938964844,169.63999938964844,171.0399932861328,170.14999389648438,21899500.0,164.76084899902344
2017-11-20,170.55999755859375,169.55999755859375,170.2899932861328,169.97999572753906,16262400.0,164.59625244140625
2017-11-21,173.6999969482422,170.77999877929688,170.77999877929688,173.13999938964844,25131300.0,167.65615844726562
2017-11-22,175.0,173.0500030517578,173.36000061035156,174.9600067138672,25588900.0,169.4185028076172
2017-11-24,175.5,174.64999389648438,175.10000610351562,174.97000122070312,14026700.0,169.42819213867188
2017-11-27,175.0800018310547,173.33999633789062,175.0500030517578,174.08999633789062,20716800.0,168.57606506347656
2017-11-28,174.8699951171875,171.86000061035156,174.3000030517578,173.07000732421875,26428800.0,167.58837890625
2017-11-29,172.9199981689453,167.16000366210938,172.6300048828125,169.47999572753906,41666400.0,164.11212158203125
2017-11-30,172.13999938964844,168.44000244140625,170.42999267578125,171.85000610351562,41527200.0,166.40701293945312
2017-12-01,171.6699981689453,168.5,169.9499969482422,171.0500030517578,39759300.0,165.63233947753906
2017-12-04,172.6199951171875,169.6300048828125,172.47999572753906,169.8000030517578,32542400.0,164.4219207763672
2017-12-05,171.52000427246094,168.39999389648438,169.05999755859375,169.63999938964844,27350200.0,164.26698303222656
2017-12-06,170.1999969482422,166.4600067138672,167.5,169.00999450683594,28560000.0,163.65696716308594
2017-12-07,170.44000244140625,168.91000366210938,169.02999877929688,169.32000732421875,25673300.0,163.95716857910156
2017-12-08,171.0,168.82000732421875,170.49000549316406,169.3699951171875,23355200.0,164.0055389404297
2017-12-11,172.88999938964844,168.7899932861328,169.1999969482422,172.6699981689453,35273800.0,167.20103454589844
2017-12-12,172.38999938964844,171.4600067138672,172.14999389648438,171.6999969482422,19409200.0,166.26174926757812
2017-12-13,173.5399932861328,172.0,172.5,172.27000427246094,23818400.0,166.81370544433594
2017-12-14,173.1300048828125,171.64999389648438,172.39999389648438,172.22000122070312,20476500.0,166.76528930664062
2017-12-15,174.1699981689453,172.4600067138672,173.6300048828125,173.97000122070312,40169300.0,168.45986938476562
2017-12-18,177.1999969482422,174.86000061035156,174.8800048828125,176.4199981689453,29421100.0,170.832275390625
2017-12-19,175.38999938964844,174.08999633789062,175.02999877929688,174.5399932861328,27436400.0,169.01177978515625
2017-12-20,175.4199981689453,173.25,174.8699951171875,174.35000610351562,23475600.0,168.82781982421875
2017-12-21,176.02000427246094,174.10000610351562,174.1699981689453,175.00999450683594,20949900.0,169.4669189453125
2017-12-22,175.4199981689453,174.5,174.67999267578125,175.00999450683594,16349400.0,169.4669189453125
2017-12-26,171.47000122070312,169.67999267578125,170.8000030517578,170.57000732421875,33185500.0,165.16757202148438
2017-12-27,170.77999877929688,169.7100067138672,170.10000610351562,170.60000610351562,21498200.0,165.19662475585938
2017-12-28,171.85000610351562,170.47999572753906,171.0,171.0800018310547,16480200.0,165.66140747070312
2017-12-29,170.58999633789062,169.22000122070312,170.52000427246094,169.22999572753906,25999900.0,163.8699951171875
2018-01-02,172.3000030517578,169.25999450683594,170.16000366210938,172.25999450683594,25555900.0,166.80401611328125
2018-01-03,174.5500030517578,171.9600067138672,172.52999877929688,172.22999572753906,29517900.0,166.77496337890625
2018-01-04,173.47000122070312,172.0800018310547,172.5399932861328,173.02999877929688,22434600.0,167.54962158203125
2018-01-05,175.3699951171875,173.0500030517578,173.44000244140625,175.0,23660000.0,169.45721435546875
2018-01-08,175.61000061035156,173.92999267578125,174.35000610351562,174.35000610351562,20567800.0,168.82781982421875
2018-01-09,175.05999755859375,173.41000366210938,174.5500030517578,174.3300018310547,21584000.0,168.80845642089844
2018-01-10,174.3000030517578,173.0,173.16000366210938,174.2899932861328,23959900.0,168.76971435546875
2018-01-11,175.49000549316406,174.49000549316406,174.58999633789062,175.27999877929688,18667700.0,169.72837829589844
2018-01-12,177.36000061035156,175.64999389648438,176.17999267578125,177.08999633789062,25418100.0,171.48106384277344
2018-01-16,179.38999938964844,176.13999938964844,177.89999389648438,176.19000244140625,29565900.0,170.60955810546875
2018-01-17,179.25,175.07000732421875,176.14999389648438,179.10000610351562,34386800.0,173.42739868164062
2018-01-18,180.10000610351562,178.25,179.3699951171875,179.25999450683594,31193400.0,173.5823211669922
2018-01-19,179.5800018310547,177.41000366210938,178.61000061035156,178.4600067138672,32425100.0,172.8076629638672
2018-01-22,177.77999877929688,176.60000610351562,177.3000030517578,177.0,27108600.0,171.3939208984375
2018-01-23,179.44000244140625,176.82000732421875,177.3000030517578,177.0399932861328,32689100.0,171.43263244628906
2018-01-24,177.3000030517578,173.1999969482422,177.25,174.22000122070312,51105100.0,168.7019500732422
2018-01-25,174.9499969482422,170.52999877929688,174.50999450683594,171.11000061035156,41529000.0,165.69044494628906
2018-01-26,172.0,170.05999755859375,172.0,171.50999450683594,39143000.0,166.0777587890625
2018-01-29,170.16000366210938,167.07000732421875,170.16000366210938,167.9600067138672,50640400.0,162.6402130126953
2018-01-30,167.3699951171875,164.6999969482422,165.52999877929688,166.97000122070312,46048200.0,161.68157958984375
2018-01-31,168.44000244140625,166.5,166.8699951171875,167.42999267578125,32478900.0,162.12701416015625
2018-02-01,168.6199951171875,166.75999450683594,167.1699981689453,167.77999877929688,47230800.0,162.46591186523438
2018-02-02,166.8000030517578,160.10000610351562,166.0,160.5,86593800.0,155.41651916503906
2018-02-05,163.8800048828125,156.0,159.10000610351562,156.49000549316406,72738500.0,151.53350830078125
2018-02-06,163.72000122070312,154.0,154.8300018310547,163.02999877929688,68243800.0,157.8663330078125
2018-02-07,163.39999389648438,159.07000732421875,163.08999633789062,159.5399932861328,51608600.0,154.48687744140625
2018-02-08,161.0,155.02999877929688,160.2899932861328,155.14999389648438,54390500.0,150.23594665527344
2018-02-09,157.88999938964844,150.24000549316406,157.07000732421875,156.41000366210938,70672600.0,152.07354736328125
2018-02-12,163.88999938964844,157.50999450683594,158.5,162.7100067138672,60819500.0,158.19888305664062
2018-02-13,164.75,161.64999389648438,161.9499969482422,164.33999633789062,32549200.0,159.78367614746094
2018-02-14,167.5399932861328,162.8800048828125,163.0399932861328,167.3699951171875,40644900.0,162.72967529296875
2018-02-15,173.08999633789062,169.0,169.7899932861328,172.99000549316406,51147200.0,168.19387817382812
2018-02-16,174.82000732421875,171.77000427246094,172.36000061035156,172.42999267578125,40176100.0,167.64939880371094
2018-02-20,174.25999450683594,171.4199981689453,172.0500030517578,171.85000610351562,33930500.0,167.08547973632812
2018-02-21,174.1199951171875,171.00999450683594,172.8300018310547,171.07000732421875,37471600.0,166.3271026611328
2018-02-22,173.9499969482422,171.7100067138672,171.8000030517578,172.5,30991900.0,167.7174530029297
2018-02-23,175.64999389648438,173.5399932861328,173.6699981689453,175.5,33812400.0,170.63427734375
2018-02-26,179.38999938964844,176.2100067138672,176.35000610351562,178.97000122070312,38162200.0,174.008056640625
2018-02-27,180.47999572753906,178.16000366210938,179.10000610351562,178.38999938964844,38928100.0,173.4441680908203
2018-02-28,180.6199951171875,178.0500030517578,179.25999450683594,178.1199951171875,37782100.0,173.18165588378906
2018-03-01,179.77999877929688,172.66000366210938,178.5399932861328,175.0,48802000.0,170.1481170654297
2018-03-02,176.3000030517578,172.4499969482422,172.8000030517578,176.2100067138672,38454000.0,171.32460021972656
2018-03-05,177.74000549316406,174.52000427246094,175.2100067138672,176.82000732421875,28401400.0,171.91770935058594
2018-03-06,178.25,176.1300048828125,177.91000366210938,176.6699981689453,23788500.0,171.7718505859375
2018-03-07,175.85000610351562,174.27000427246094,174.94000244140625,175.02999877929688,31703500.0,170.1773223876953
2018-03-08,177.1199951171875,175.07000732421875,175.47999572753906,176.94000244140625,23774100.0,172.03436279296875
2018-03-09,180.0,177.38999938964844,177.9600067138672,179.97999572753906,32185200.0,174.99005126953125
2018-03-12,182.38999938964844,180.2100067138672,180.2899932861328,181.72000122070312,32207100.0,176.68182373046875
2018-03-13,183.5,179.24000549316406,182.58999633789062,179.97000122070312,31693500.0,174.9803466796875
2018-03-14,180.52000427246094,177.80999755859375,180.32000732421875,178.44000244140625,29368400.0,173.4927520751953
2018-03-15,180.24000549316406,178.07000732421875,178.5,178.64999389648438,22743800.0,173.69692993164062
2018-03-16,179.1199951171875,177.6199951171875,178.64999389648438,178.02000427246094,39404700.0,173.0844268798828
2018-03-19,177.47000122070312,173.66000366210938,177.32000732421875,175.3000030517578,33446800.0,170.43983459472656
2018-03-20,176.8000030517578,174.94000244140625,175.24000549316406,175.24000549316406,19649400.0,170.38150024414062
2018-03-21,175.08999633789062,171.25999450683594,175.0399932861328,171.27000427246094,37054900.0,166.5215606689453
2018-03-22,172.67999267578125,168.60000610351562,170.0,168.85000610351562,41490800.0,164.1686553955078
2018-03-23,169.9199981689453,164.94000244140625,168.38999938964844,164.94000244140625,41028800.0,160.36703491210938
2018-03-26,173.10000610351562,166.44000244140625,168.07000732421875,172.77000427246094,37541200.0,167.97999572753906
2018-03-27,175.14999389648438,166.9199981689453,173.67999267578125,168.33999633789062,40922600.0,163.6727752685547
2018-03-28,170.02000427246094,165.19000244140625,167.25,166.47999572753906,41668500.0,161.86436462402344
2018-03-29,171.75,166.89999389648438,167.80999755859375,167.77999877929688,38398500.0,163.12831115722656
2018-04-02,168.94000244140625,164.47000122070312,166.63999938964844,166.67999267578125,37586800.0,162.05880737304688
2018-04-03,168.75,164.8800048828125,167.63999938964844,168.38999938964844,30278000.0,163.72142028808594
2018-04-04,172.00999450683594,164.77000427246094,164.8800048828125,171.61000061035156,34605500.0,166.85214233398438
2018-04-05,174.22999572753906,172.0800018310547,172.5800018310547,172.8000030517578,26933200.0,168.00912475585938
2018-04-06,172.47999572753906,168.1999969482422,170.97000122070312,168.3800048828125,35005300.0,163.71170043945312
2018-04-09,173.08999633789062,169.85000610351562,169.8800048828125,170.0500030517578,29017700.0,165.33538818359375
2018-04-10,174.0,171.52999877929688,173.0,173.25,28408600.0,168.44667053222656
2018-04-11,173.9199981689453,171.6999969482422,172.22999572753906,172.44000244140625,22431600.0,167.65911865234375
2018-04-12,175.0,173.0399932861328,173.41000366210938,174.13999938964844,22889300.0,169.31199645996094
2018-04-13,175.83999633789062,173.85000610351562,174.77999877929688,174.72999572753906,25124300.0,169.88560485839844
2018-04-16,176.19000244140625,174.8300018310547,175.02999877929688,175.82000732421875,21578400.0,170.94541931152344
2018-04-17,178.94000244140625,176.41000366210938,176.49000549316406,178.24000549316406,26605400.0,173.29830932617188
2018-04-18,178.82000732421875,176.8800048828125,177.80999755859375,177.83999633789062,20754500.0,172.90939331054688
2018-04-19,175.38999938964844,172.66000366210938,173.75999450683594,172.8000030517578,34808800.0,168.00912475585938
2018-04-20,171.22000122070312,165.42999267578125,170.60000610351562,165.72000122070312,65491100.0,161.1254119873047
2018-04-23,166.9199981689453,164.08999633789062,166.8300018310547,165.24000549316406,36515500.0,160.65875244140625
2018-04-24,166.3300018310547,161.22000122070312,165.6699981689453,162.94000244140625,33692000.0,158.42251586914062
2018-04-25,165.4199981689453,162.41000366210938,162.6199951171875,163.64999389648438,28382100.0,159.11280822753906
2018-04-26,165.72999572753906,163.3699951171875,164.1199951171875,164.22000122070312,27963000.0,159.66700744628906
2018-04-27,164.3300018310547,160.6300048828125,164.0,162.32000732421875,35655800.0,157.81968688964844
2018-04-30,167.25999450683594,161.83999633789062,162.1300048828125,165.25999450683594,42427400.0,160.6781768798828
2018-05-01,169.1999969482422,165.27000427246094,166.41000366210938,169.10000610351562,53569400.0,164.4116973876953
2018-05-02,177.75,173.8000030517578,175.22999572753906,176.57000732421875,66539400.0,171.67462158203125
2018-05-03,177.5,174.44000244140625,175.8800048828125,176.88999938964844,34068200.0,171.98573303222656
2018-05-04,184.25,178.1699981689453,178.25,183.8300018310547,56201300.0,178.7333221435547
2018-05-07,187.6699981689453,184.75,185.17999267578125,185.16000366210938,42451400.0,180.02645874023438
2018-05-08,186.22000122070312,183.6699981689453,184.99000549316406,186.0500030517578,28402800.0,180.8917694091797
2018-05-09,187.39999389648438,185.22000122070312,186.5500030517578,187.36000061035156,23211200.0,182.1654510498047
2018-05-10,190.3699951171875,187.64999389648438,187.74000549316406,190.0399932861328,27989300.0,184.77114868164062
2018-05-11,190.05999755859375,187.4499969482422,189.49000549316406,188.58999633789062,26212200.0,184.06842041015625
2018-05-14,189.52999877929688,187.86000061035156,189.00999450683594,188.14999389648438,20778800.0,183.6389617919922
2018-05-15,187.07000732421875,185.10000610351562,186.77999877929688,186.44000244140625,23695200.0,181.969970703125
2018-05-16,188.4600067138672,186.0,186.07000732421875,188.17999267578125,19183100.0,183.66822814941406
2018-05-17,188.91000366210938,186.36000061035156,188.0,186.99000549316406,17294000.0,182.5067901611328
2018-05-18,187.80999755859375,186.1300048828125,187.19000244140625,186.30999755859375,18297700.0,181.84307861328125
2018-05-21,189.27000427246094,186.91000366210938,188.0,187.6300048828125,18400800.0,183.13143920898438
2018-05-22,188.8800048828125,186.77999877929688,188.3800048828125,187.16000366210938,15240700.0,182.6726837158203
2018-05-23,188.5,185.75999450683594,186.35000610351562,188.36000061035156,20058400.0,183.84396362304688
2018-05-24,188.83999633789062,186.2100067138672,188.77000427246094,188.14999389648438,23234000.0,183.6389617919922
2018-05-25,189.64999389648438,187.64999389648438,188.22999572753906,188.5800018310547,17461000.0,184.05865478515625
2018-05-29,188.75,186.8699951171875,187.60000610351562,187.89999389648438,22514100.0,183.3949737548828
2018-05-30,188.0,186.77999877929688,187.72000122070312,187.5,18690500.0,183.0045623779297
2018-05-31,188.22999572753906,186.13999938964844,187.22000122070312,186.8699951171875,27482800.0,182.38963317871094
2018-06-01,190.25999450683594,187.75,187.99000549316406,190.24000549316406,23442500.0,185.6788330078125
2018-06-04,193.4199981689453,191.35000610351562,191.63999938964844,191.8300018310547,26266200.0,187.23074340820312
2018-06-05,193.94000244140625,192.36000061035156,193.07000732421875,193.30999755859375,21566000.0,188.6752471923828
2018-06-06,194.0800018310547,191.9199981689453,193.6300048828125,193.97999572753906,20933600.0,189.3291778564453
2018-06-07,194.1999969482422,192.33999633789062,194.13999938964844,193.4600067138672,21347200.0,188.82167053222656
2018-06-08,192.0,189.77000427246094,191.1699981689453,191.6999969482422,26656800.0,187.10385131835938
2018-06-11,191.97000122070312,190.2100067138672,191.35000610351562,191.22999572753906,18308500.0,186.64511108398438
2018-06-12,192.61000061035156,191.14999389648438,191.38999938964844,192.27999877929688,16911100.0,187.66993713378906
2018-06-13,192.8800048828125,190.44000244140625,192.4199981689453,190.6999969482422,21638400.0,186.12782287597656
2018-06-14,191.57000732421875,190.22000122070312,191.5500030517578,190.8000030517578,21610100.0,186.22543334960938
2018-06-15,190.16000366210938,188.25999450683594,190.02999877929688,188.83999633789062,61719200.0,184.31243896484375
2018-06-18,189.22000122070312,187.1999969482422,187.8800048828125,188.74000549316406,18484900.0,184.2147979736328
2018-06-19,186.3300018310547,183.4499969482422,185.13999938964844,185.69000244140625,33578500.0,181.23794555664062
2018-06-20,187.1999969482422,185.72999572753906,186.35000610351562,186.5,20628700.0,182.02853393554688
2018-06-21,188.35000610351562,184.94000244140625,187.25,185.4600067138672,25711900.0,181.01345825195312
2018-06-22,186.14999389648438,184.6999969482422,186.1199951171875,184.9199981689453,27200400.0,180.48638916015625
2018-06-25,184.9199981689453,180.72999572753906,183.39999389648438,182.1699981689453,31663100.0,177.80233764648438
2018-06-26,186.52999877929688,182.5399932861328,182.99000549316406,184.42999267578125,24569200.0,180.00816345214844
2018-06-27,187.27999877929688,184.02999877929688,185.22999572753906,184.16000366210938,25285300.0,179.74462890625
2018-06-28,186.2100067138672,183.8000030517578,184.10000610351562,185.5,17365200.0,181.05250549316406
2018-06-29,187.19000244140625,182.91000366210938,186.2899932861328,185.11000061035156,22737700.0,180.67184448242188
2018-07-02,187.3000030517578,183.4199981689453,183.82000732421875,187.17999267578125,17731300.0,182.6922149658203
2018-07-03,187.9499969482422,183.5399932861328,187.7899932861328,183.9199981689453,13954800.0,179.51039123535156
2018-07-05,186.41000366210938,184.27999877929688,185.25999450683594,185.39999389648438,16604200.0,180.95489501953125
2018-07-06,188.42999267578125,185.1999969482422,185.4199981689453,187.97000122070312,17485200.0,183.46327209472656
2018-07-09,190.67999267578125,189.3000030517578,189.5,190.5800018310547,19756600.0,186.01071166992188
2018-07-10,191.27999877929688,190.17999267578125,190.7100067138672,190.35000610351562,15939100.0,185.7862548828125
2018-07-11,189.77999877929688,187.61000061035156,188.5,187.8800048828125,18831500.0,183.37542724609375
2018-07-12,191.41000366210938,189.30999755859375,189.52999877929688,191.02999877929688,18041100.0,186.4499053955078
2018-07-13,191.83999633789062,190.89999389648438,191.0800018310547,191.3300018310547,12513900.0,186.74270629882812
2018-07-16,192.64999389648438,190.4199981689453,191.52000427246094,190.91000366210938,15043100.0,186.33279418945312
2018-07-17,191.8699951171875,189.1999969482422,189.75,191.4499969482422,15534500.0,186.85983276367188
2018-07-18,191.8000030517578,189.92999267578125,191.77999877929688,190.39999389648438,16393400.0,185.8350067138672
2018-07-19,192.5500030517578,189.69000244140625,189.69000244140625,191.8800048828125,20286800.0,187.27955627441406
2018-07-20,192.42999267578125,190.1699981689453,191.77999877929688,191.44000244140625,20676200.0,186.85011291503906
2018-07-23,191.9600067138672,189.55999755859375,190.67999267578125,191.61000061035156,15989400.0,187.0159912109375
2018-07-24,193.66000366210938,192.0500030517578,192.4499969482422,193.0,18697900.0,188.37269592285156
2018-07-25,194.85000610351562,192.42999267578125,193.05999755859375,194.82000732421875,16709900.0,190.14906311035156
2018-07-26,195.9600067138672,193.61000061035156,194.61000061035156,194.2100067138672,19076000.0,189.55368041992188
2018-07-27,195.19000244140625,190.10000610351562,194.99000549316406,190.97999572753906,24024000.0,186.40113830566406
2018-07-30,192.1999969482422,189.07000732421875,191.89999389648438,189.91000366210938,21029500.0,185.35678100585938
2018-07-31,192.13999938964844,189.33999633789062,190.3000030517578,190.2899932861328,39373000.0,185.72764587402344
2018-08-01,201.75999450683594,197.30999755859375,199.1300048828125,201.5,67935700.0,196.6688995361328
2018-08-02,208.3800048828125,200.35000610351562,200.5800018310547,207.38999938964844,62404000.0,202.4176788330078
2018-08-03,208.74000549316406,205.47999572753906,207.02999877929688,207.99000549316406,33447400.0,203.00328063964844
2018-08-06,209.25,207.07000732421875,208.0,209.07000732421875,25425400.0,204.05738830566406
2018-08-07,209.5,206.75999450683594,209.32000732421875,207.11000061035156,25587400.0,202.14437866210938
2018-08-08,207.80999755859375,204.52000427246094,206.0500030517578,207.25,22525500.0,202.2810516357422
2018-08-09,209.77999877929688,207.1999969482422,209.52999877929688,208.8800048828125,23492600.0,203.87196350097656
2018-08-10,209.10000610351562,206.6699981689453,207.36000061035156,207.52999877929688,24611200.0,203.26467895507812
2018-08-13,210.9499969482422,207.6999969482422,209.30999755859375,208.8699951171875,25890900.0,204.57713317871094
2018-08-14,210.55999755859375,208.25999450683594,210.16000366210938,209.75,20748000.0,205.43910217285156
2018-08-15,210.74000549316406,208.3300018310547,209.22000122070312,210.24000549316406,28807600.0,205.91900634765625
2018-08-16,213.80999755859375,211.47000122070312,211.75,213.32000732421875,28500400.0,208.9357147216797
2018-08-17,217.9499969482422,213.16000366210938,213.44000244140625,217.5800018310547,35427000.0,213.10812377929688
2018-08-20,219.17999267578125,215.11000061035156,218.10000610351562,215.4600067138672,30287700.0,211.03172302246094
2018-08-21,217.19000244140625,214.02999877929688,216.8000030517578,215.0399932861328,26159800.0,210.62034606933594
2018-08-22,216.36000061035156,213.83999633789062,214.10000610351562,215.0500030517578,19018100.0,210.63015747070312
2018-08-23,217.0500030517578,214.60000610351562,214.64999389648438,215.49000549316406,18883200.0,211.0611114501953
2018-08-24,216.89999389648438,215.11000061035156,216.60000610351562,216.16000366210938,18476400.0,211.7173309326172
2018-08-27,218.74000549316406,216.3300018310547,217.14999389648438,217.94000244140625,20525100.0,213.4607391357422
2018-08-28,220.5399932861328,218.9199981689453,219.00999450683594,219.6999969482422,22776800.0,215.1845703125
2018-08-29,223.49000549316406,219.41000366210938,220.14999389648438,222.97999572753906,27254800.0,218.3971710205078
2018-08-30,228.25999450683594,222.39999389648438,223.25,225.02999877929688,48793800.0,220.40501403808594
2018-08-31,228.8699951171875,226.0,226.50999450683594,227.6300048828125,43340100.0,222.9515838623047
2018-09-04,229.17999267578125,226.6300048828125,228.41000366210938,228.36000061035156,27390100.0,223.66659545898438
2018-09-05,229.6699981689453,225.10000610351562,228.99000549316406,226.8699951171875,33333000.0,222.2072296142578
2018-09-06,227.35000610351562,221.3000030517578,226.22999572753906,223.10000610351562,34290000.0,218.51470947265625
2018-09-07,225.3699951171875,220.7100067138672,221.85000610351562,221.3000030517578,37619800.0,216.75169372558594
2018-09-10,221.85000610351562,216.47000122070312,220.9499969482422,218.3300018310547,39516500.0,213.8427276611328
2018-09-11,224.3000030517578,216.55999755859375,218.00999450683594,223.85000610351562,35749000.0,219.24929809570312
2018-09-12,225.0,219.83999633789062,224.94000244140625,221.07000732421875,49278700.0,216.52642822265625
2018-09-13,228.35000610351562,222.57000732421875,223.52000427246094,226.41000366210938,41706400.0,221.7566680908203
2018-09-14,226.83999633789062,222.52000427246094,225.75,223.83999633789062,31999300.0,219.23948669433594
2018-09-17,222.9499969482422,217.27000427246094,222.14999389648438,217.8800048828125,37195100.0,213.40199279785156
2018-09-18,221.85000610351562,217.1199951171875,217.7899932861328,218.24000549316406,31571700.0,213.7545928955078
2018-09-19,219.6199951171875,215.3000030517578,218.5,218.3699951171875,27123800.0,213.88189697265625
2018-09-20,222.27999877929688,219.14999389648438,220.24000549316406,220.02999877929688,26608800.0,215.5078125
2018-09-21,221.36000061035156,217.2899932861328,220.77999877929688,217.66000366210938,96246700.0,213.18650817871094
2018-09-24,221.25999450683594,216.6300048828125,216.82000732421875,220.7899932861328,27693400.0,216.25218200683594
2018-09-25,222.82000732421875,219.6999969482422,219.75,222.19000244140625,24554400.0,217.62339782714844
2018-09-26,223.75,219.75999450683594,221.0,220.4199981689453,23984700.0,215.8897705078125
2018-09-27,226.44000244140625,223.5399932861328,223.82000732421875,224.9499969482422,30181200.0,220.32666015625
2018-09-28,225.83999633789062,224.02000427246094,224.7899932861328,225.74000549316406,22929400.0,221.10043334960938
2018-10-01,229.4199981689453,226.35000610351562,227.9499969482422,227.25999450683594,23600800.0,222.58920288085938
2018-10-02,230.0,226.6300048828125,227.25,229.27999877929688,24788200.0,224.5676727294922
2018-10-03,233.47000122070312,229.77999877929688,230.0500030517578,232.07000732421875,28654800.0,227.3003387451172
2018-10-04,232.35000610351562,226.72999572753906,230.77999877929688,227.99000549316406,32042000.0,223.30419921875
2018-10-05,228.41000366210938,220.5800018310547,227.9600067138672,224.2899932861328,33580500.0,219.6802215576172
2018-10-08,224.8000030517578,220.1999969482422,222.2100067138672,223.77000427246094,29663900.0,219.1709442138672
2018-10-09,227.27000427246094,222.25,223.63999938964844,226.8699951171875,26891000.0,222.2072296142578
2018-10-10,226.35000610351562,216.0500030517578,225.4600067138672,216.36000061035156,41990600.0,211.9132080078125
2018-10-11,219.5,212.32000732421875,214.52000427246094,214.4499969482422,53124400.0,210.04248046875
2018-10-12,222.8800048828125,216.83999633789062,220.4199981689453,222.11000061035156,40337900.0,217.5450439453125
2018-10-15,221.8300018310547,217.27000427246094,221.16000366210938,217.36000061035156,30791000.0,212.8926544189453
2018-10-16,222.99000549316406,216.75999450683594,218.92999267578125,222.14999389648438,29184000.0,217.58421325683594
2018-10-17,222.63999938964844,219.33999633789062,222.3000030517578,221.19000244140625,22885400.0,216.6439666748047
2018-10-18,219.74000549316406,213.0,217.86000061035156,216.02000427246094,32581300.0,211.5802001953125
2018-10-19,221.25999450683594,217.42999267578125,218.05999755859375,219.30999755859375,33078700.0,214.8025665283203
2018-10-22,223.36000061035156,218.94000244140625,219.7899932861328,220.64999389648438,28792100.0,216.1150360107422
2018-10-23,223.25,214.6999969482422,215.8300018310547,222.72999572753906,38767800.0,218.1522979736328
2018-10-24,224.22999572753906,214.5399932861328,222.60000610351562,215.08999633789062,40925500.0,210.66932678222656
2018-10-25,221.3800048828125,216.75,217.7100067138672,219.8000030517578,29855800.0,215.2825164794922
2018-10-26,220.19000244140625,212.6699981689453,215.89999389648438,216.3000030517578,47258400.0,211.85446166992188
2018-10-29,219.69000244140625,206.08999633789062,219.19000244140625,212.24000549316406,45935500.0,207.87789916992188
2018-10-30,215.17999267578125,209.27000427246094,211.14999389648438,213.3000030517578,36660000.0,208.91612243652344
2018-10-31,220.4499969482422,216.6199951171875,216.8800048828125,218.86000061035156,38358900.0,214.36184692382812
2018-11-01,222.36000061035156,216.80999755859375,219.0500030517578,222.22000122070312,58323200.0,217.6527862548828
2018-11-02,213.64999389648438,205.42999267578125,209.5500030517578,207.47999572753906,91328700.0,203.21571350097656
2018-11-05,204.38999938964844,198.1699981689453,204.3000030517578,201.58999633789062,66163700.0,197.44676208496094
2018-11-06,204.72000122070312,201.69000244140625,201.9199981689453,203.77000427246094,31882900.0,199.5819854736328
2018-11-07,210.05999755859375,204.1300048828125,205.97000122070312,209.9499969482422,33424400.0,205.63494873046875
2018-11-08,210.1199951171875,206.75,209.97999572753906,208.49000549316406,25362600.0,204.91748046875
2018-11-09,206.00999450683594,202.25,205.5500030517578,204.47000122070312,34365800.0,200.96633911132812
2018-11-12,199.85000610351562,193.7899932861328,199.0,194.1699981689453,51135500.0,190.8428497314453
2018-11-13,197.17999267578125,191.4499969482422,191.6300048828125,192.22999572753906,46882900.0,188.9360809326172
2018-11-14,194.47999572753906,185.92999267578125,193.89999389648438,186.8000030517578,60801000.0,183.59915161132812
2018-11-15,191.97000122070312,186.89999389648438,188.38999938964844,191.41000366210938,46478800.0,188.13014221191406
2018-11-16,194.97000122070312,189.4600067138672,190.5,193.52999877929688,36928300.0,190.21380615234375
2018-11-19,190.6999969482422,184.99000549316406,190.0,185.86000061035156,41925300.0,182.6752471923828
2018-11-20,181.47000122070312,175.50999450683594,178.3699951171875,176.97999572753906,67825200.0,173.94741821289062
2018-11-21,180.27000427246094,176.5500030517578,179.72999572753906,176.77999877929688,31124200.0,173.75083923339844
2018-11-23,176.60000610351562,172.10000610351562,174.94000244140625,172.2899932861328,23624000.0,169.3377685546875
2018-11-26,174.9499969482422,170.25999450683594,174.24000549316406,174.6199951171875,44998500.0,171.62783813476562
2018-11-27,174.77000427246094,170.8800048828125,171.50999450683594,174.24000549316406,41387400.0,171.25436401367188
2018-11-28,181.2899932861328,174.92999267578125,176.72999572753906,180.94000244140625,46062500.0,177.8395538330078
2018-11-29,182.8000030517578,177.6999969482422,182.66000366210938,179.5500030517578,41770000.0,176.47335815429688
2018-11-30,180.3300018310547,177.02999877929688,180.2899932861328,178.5800018310547,39531500.0,175.51998901367188
2018-12-03,184.94000244140625,181.2100067138672,184.4600067138672,184.82000732421875,40802500.0,181.653076171875
2018-12-04,182.38999938964844,176.27000427246094,180.9499969482422,176.69000244140625,41344300.0,173.66236877441406
2018-12-06,174.77999877929688,170.4199981689453,171.75999450683594,174.72000122070312,43098400.0,171.72613525390625
2018-12-07,174.49000549316406,168.3000030517578,173.49000549316406,168.49000549316406,42281600.0,165.6029052734375
2018-12-10,170.08999633789062,163.3300018310547,165.0,169.60000610351562,62026000.0,166.69386291503906
2018-12-11,171.7899932861328,167.0,171.66000366210938,168.6300048828125,47281700.0,165.74049377441406
2018-12-12,171.9199981689453,169.02000427246094,170.39999389648438,169.10000610351562,35627700.0,166.2024383544922
2018-12-13,172.57000732421875,169.5500030517578,170.49000549316406,170.9499969482422,31898600.0,168.02072143554688
2018-12-14,169.0800018310547,165.27999877929688,169.0,165.47999572753906,40703700.0,162.64443969726562
2018-12-17,168.35000610351562,162.72999572753906,165.4499969482422,163.94000244140625,44287900.0,161.130859375
2018-12-18,167.52999877929688,164.38999938964844,165.3800048828125,166.07000732421875,33841500.0,163.224365234375
2018-12-19,167.4499969482422,159.08999633789062,166.0,160.88999938964844,49047300.0,158.1331024169922
2018-12-20,162.11000061035156,155.3000030517578,160.39999389648438,156.8300018310547,64773000.0,154.14266967773438
2018-12-21,158.16000366210938,149.6300048828125,156.86000061035156,150.72999572753906,95744600.0,148.14720153808594
2018-12-24,151.5500030517578,146.58999633789062,148.14999389648438,146.8300018310547,37169200.0,144.3140411376953
2018-12-26,157.22999572753906,146.72000122070312,148.3000030517578,157.1699981689453,58582500.0,154.4768524169922
2018-12-27,156.77000427246094,150.07000732421875,155.83999633789062,156.14999389648438,53117100.0,153.47433471679688
2018-12-28,158.52000427246094,154.5500030517578,157.5,156.22999572753906,42291400.0,153.552978515625
2018-12-31,159.36000061035156,156.47999572753906,158.52999877929688,157.74000549316406,35003500.0,155.037109375
2019-01-02,158.85000610351562,154.22999572753906,154.88999938964844,157.9199981689453,37039700.0,155.21400451660156
2019-01-03,145.72000122070312,142.0,143.97999572753906,142.19000244140625,91312200.0,139.7535400390625
2019-01-04,148.5500030517578,143.8000030517578,144.52999877929688,148.25999450683594,58607100.0,145.71951293945312
2019-01-07,148.8300018310547,145.89999389648438,148.6999969482422,147.92999267578125,54777800.0,145.39520263671875
2019-01-08,151.82000732421875,148.52000427246094,149.55999755859375,150.75,41025300.0,148.1668701171875
2019-01-09,154.52999877929688,149.6300048828125,151.2899932861328,153.30999755859375,45099100.0,150.6829833984375
2019-01-10,153.97000122070312,150.86000061035156,152.5,153.8000030517578,35780700.0,151.1646270751953
2019-01-11,153.6999969482422,151.50999450683594,152.8800048828125,152.2899932861328,27023200.0,149.6804656982422
2019-01-14,151.27000427246094,149.22000122070312,150.85000610351562,150.0,32439200.0,147.42971801757812
2019-01-15,153.38999938964844,150.0500030517578,150.27000427246094,153.07000732421875,28710900.0,150.44712829589844
2019-01-16,155.8800048828125,153.0,153.0800018310547,154.94000244140625,30569700.0,152.2850799560547
2019-01-17,157.66000366210938,153.25999450683594,154.1999969482422,155.86000061035156,29821200.0,153.18930053710938
2019-01-18,157.8800048828125,155.97999572753906,157.5,156.82000732421875,33751000.0,154.1328582763672
2019-01-22,156.72999572753906,152.6199951171875,156.41000366210938,153.3000030517578,30394000.0,150.6731719970703
2019-01-23,155.13999938964844,151.6999969482422,154.14999389648438,153.9199981689453,23130600.0,151.2825469970703
2019-01-24,154.47999572753906,151.74000549316406,154.11000061035156,152.6999969482422,25441500.0,150.08343505859375
2019-01-25,158.1300048828125,154.32000732421875,155.47999572753906,157.75999450683594,33535500.0,155.05674743652344
2019-01-28,156.3300018310547,153.66000366210938,155.7899932861328,156.3000030517578,26192100.0,153.62176513671875
2019-01-29,158.1300048828125,154.11000061035156,156.25,154.67999267578125,41587200.0,152.02951049804688
2019-01-30,166.14999389648438,160.22999572753906,163.25,165.25,61109800.0,162.4184112548828
2019-01-31,169.0,164.55999755859375,166.11000061035156,166.44000244140625,40739600.0,163.58799743652344
2019-02-01,168.97999572753906,165.92999267578125,166.9600067138672,166.52000427246094,32668100.0,163.66664123535156
2019-02-04,171.66000366210938,167.27999877929688,167.41000366210938,171.25,31495500.0,168.31558227539062
2019-02-05,175.0800018310547,172.35000610351562,172.86000061035156,174.17999267578125,36101600.0,171.1953887939453
2019-02-06,175.57000732421875,172.85000610351562,174.64999389648438,174.24000549316406,28239600.0,171.25436401367188
2019-02-07,173.94000244140625,170.33999633789062,172.39999389648438,170.94000244140625,31741700.0,168.0109100341797
2019-02-08,170.66000366210938,168.4199981689453,168.99000549316406,170.41000366210938,23820000.0,168.2083282470703
2019-02-11,171.2100067138672,169.25,171.0500030517578,169.42999267578125,20993400.0,167.240966796875
2019-02-12,171.0,169.6999969482422,170.10000610351562,170.88999938964844,22283500.0,168.68211364746094
2019-02-13,172.47999572753906,169.9199981689453,171.38999938964844,170.17999267578125,22490200.0,167.9812774658203
2019-02-14,171.25999450683594,169.3800048828125,169.7100067138672,170.8000030517578,21835700.0,168.59329223632812
2019-02-15,171.6999969482422,169.75,171.25,170.4199981689453,24626800.0,168.21820068359375
2019-02-19,171.44000244140625,169.49000549316406,169.7100067138672,170.92999267578125,18972800.0,168.72158813476562
2019-02-20,173.32000732421875,170.99000549316406,171.19000244140625,172.02999877929688,26114400.0,169.80738830566406
2019-02-21,172.3699951171875,170.3000030517578,171.8000030517578,171.05999755859375,17249700.0,168.8499298095703
2019-02-22,173.0,171.3800048828125,171.5800018310547,172.97000122070312,18913200.0,170.7352294921875
2019-02-25,175.8699951171875,173.9499969482422,174.16000366210938,174.22999572753906,21873400.0,171.9789581298828
2019-02-26,175.3000030517578,173.1699981689453,173.7100067138672,174.3300018310547,17070200.0,172.07766723632812
2019-02-27,175.0,172.72999572753906,173.2100067138672,174.8699951171875,27835400.0,172.61068725585938
2019-02-28,174.91000366210938,172.9199981689453,174.32000732421875,173.14999389648438,28215400.0,170.9129180908203
2019-03-01,175.14999389648438,172.88999938964844,174.27999877929688,174.97000122070312,25886200.0,172.70938110351562
2019-03-04,177.75,173.97000122070312,175.69000244140625,175.85000610351562,27436200.0,173.57803344726562
2019-03-05,176.0,174.5399932861328,175.94000244140625,175.52999877929688,19737400.0,173.2621612548828
2019-03-06,175.49000549316406,173.94000244140625,174.6699981689453,174.52000427246094,20810400.0,172.26522827148438
2019-03-07,174.44000244140625,172.02000427246094,173.8699951171875,172.5,24796400.0,170.2713165283203
2019-03-08,173.07000732421875,169.5,170.32000732421875,172.91000366210938,23999400.0,170.676025390625
2019-03-11,179.1199951171875,175.35000610351562,175.49000549316406,178.89999389648438,32011000.0,176.58860778808594
2019-03-12,182.6699981689453,179.3699951171875,180.0,180.91000366210938,32467600.0,178.57266235351562
2019-03-13,183.3000030517578,180.9199981689453,182.25,181.7100067138672,31032500.0,179.36231994628906
2019-03-14,184.10000610351562,182.55999755859375,183.89999389648438,183.72999572753906,23579500.0,181.35621643066406
2019-03-15,187.3300018310547,183.74000549316406,184.85000610351562,186.1199951171875,39042900.0,183.71533203125
2019-03-18,188.38999938964844,185.7899932861328,185.8000030517578,188.02000427246094,26219800.0,185.59080505371094
2019-03-19,188.99000549316406,185.9199981689453,188.35000610351562,186.52999877929688,31646400.0,184.12005615234375
2019-03-20,189.49000549316406,184.72999572753906,186.22999572753906,188.16000366210938,31035200.0,185.72898864746094
2019-03-21,196.3300018310547,189.80999755859375,190.02000427246094,195.08999633789062,51034200.0,192.56942749023438
2019-03-22,197.69000244140625,190.77999877929688,195.33999633789062,191.0500030517578,42407700.0,188.58164978027344
2019-03-25,191.97999572753906,186.60000610351562,191.50999450683594,188.74000549316406,43845300.0,186.30148315429688
2019-03-26,192.8800048828125,184.5800018310547,191.66000366210938,186.7899932861328,49800500.0,184.37667846679688
2019-03-27,189.75999450683594,186.5500030517578,188.75,188.47000122070312,29848400.0,186.03497314453125
2019-03-28,189.55999755859375,187.52999877929688,188.9499969482422,188.72000122070312,20780400.0,186.28173828125
2019-03-29,190.0800018310547,188.5399932861328,189.8300018310547,189.9499969482422,23564000.0,187.49586486816406
2019-04-01,191.67999267578125,188.3800048828125,191.63999938964844,191.24000549316406,27862000.0,188.7692108154297
2019-04-02,194.4600067138672,191.0500030517578,191.08999633789062,194.02000427246094,22765700.0,191.51329040527344
2019-04-03,196.5,193.14999389648438,193.25,195.35000610351562,23271800.0,192.82611083984375
2019-04-04,196.3699951171875,193.13999938964844,194.7899932861328,195.69000244140625,19114300.0,193.16168212890625
2019-04-05,197.10000610351562,195.92999267578125,196.4499969482422,197.0,18526600.0,194.4547576904297
2019-04-08,200.22999572753906,196.33999633789062,196.4199981689453,200.10000610351562,25881700.0,197.51470947265625
2019-04-09,202.85000610351562,199.22999572753906,200.32000732421875,199.5,35768200.0,196.92247009277344
2019-04-10,200.74000549316406,198.17999267578125,198.67999267578125,200.6199951171875,21695300.0,198.02798461914062
2019-04-11,201.0,198.44000244140625,200.85000610351562,198.9499969482422,20900800.0,196.37957763671875
2019-04-12,200.13999938964844,196.2100067138672,199.1999969482422,198.8699951171875,27760700.0,196.3006134033203
2019-04-15,199.85000610351562,198.00999450683594,198.5800018310547,199.22999572753906,17536600.0,196.6559600830078
2019-04-16,201.3699951171875,198.55999755859375,199.4600067138672,199.25,25696400.0,196.6757049560547
2019-04-17,203.3800048828125,198.61000061035156,199.5399932861328,203.1300048828125,28906800.0,200.50558471679688
2019-04-18,204.14999389648438,202.52000427246094,203.1199951171875,203.86000061035156,24195800.0,201.2261505126953
2019-04-22,204.94000244140625,202.33999633789062,202.8300018310547,204.52999877929688,19439500.0,201.8874969482422
2019-04-23,207.75,203.89999389648438,204.42999267578125,207.47999572753906,23323000.0,204.7993621826172
2019-04-24,208.47999572753906,207.0500030517578,207.36000061035156,207.16000366210938,17540600.0,204.48350524902344
2019-04-25,207.75999450683594,205.1199951171875,206.8300018310547,205.27999877929688,18543200.0,202.6278076171875
2019-04-26,205.0,202.1199951171875,204.89999389648438,204.3000030517578,18649100.0,201.66046142578125
2019-04-29,205.97000122070312,203.86000061035156,204.39999389648438,204.61000061035156,22204700.0,201.96646118164062
2019-04-30,203.39999389648438,199.11000061035156,203.05999755859375,200.6699981689453,46534900.0,198.07736206054688
2019-05-01,215.30999755859375,209.22999572753906,209.8800048828125,210.52000427246094,64827300.0,207.80010986328125
2019-05-02,212.64999389648438,208.1300048828125,209.83999633789062,209.14999389648438,31996300.0,206.4477996826172
2019-05-03,211.83999633789062,210.22999572753906,210.88999938964844,211.75,20892400.0,209.01422119140625
2019-05-06,208.83999633789062,203.5,204.2899932861328,208.47999572753906,32443100.0,205.78646850585938
2019-05-07,207.4199981689453,200.8300018310547,205.8800048828125,202.86000061035156,38763700.0,200.23907470703125
2019-05-08,205.33999633789062,201.75,201.89999389648438,202.89999389648438,26339500.0,200.27853393554688
2019-05-09,201.67999267578125,196.66000366210938,200.39999389648438,200.72000122070312,34908600.0,198.126708984375
2019-05-10,198.85000610351562,192.77000427246094,197.4199981689453,197.17999267578125,41208700.0,195.38197326660156
2019-05-13,189.47999572753906,182.85000610351562,187.7100067138672,185.72000122070312,57430600.0,184.0264892578125
2019-05-14,189.6999969482422,185.41000366210938,186.41000366210938,188.66000366210938,36529700.0,186.93966674804688
2019-05-15,191.75,186.02000427246094,186.27000427246094,190.9199981689453,26544700.0,189.17906188964844
2019-05-16,192.47000122070312,188.83999633789062,189.91000366210938,190.0800018310547,33031400.0,188.3467254638672
2019-05-17,190.89999389648438,186.75999450683594,186.92999267578125,189.0,32879100.0,187.27658081054688
2019-05-20,184.35000610351562,180.27999877929688,183.52000427246094,183.08999633789062,38612300.0,181.42047119140625
2019-05-21,188.0,184.6999969482422,185.22000122070312,186.60000610351562,28364800.0,184.89846801757812
2019-05-22,185.7100067138672,182.5500030517578,184.66000366210938,182.77999877929688,29748600.0,181.11328125
2019-05-23,180.5399932861328,177.80999755859375,179.8000030517578,179.66000366210938,36529700.0,178.02174377441406
2019-05-24,182.13999938964844,178.6199951171875,180.1999969482422,178.97000122070312,23714700.0,177.33804321289062
2019-05-28,180.58999633789062,177.91000366210938,178.9199981689453,178.22999572753906,27948200.0,176.6047821044922
2019-05-29,179.35000610351562,176.0,176.4199981689453,177.3800048828125,28481200.0,175.7625274658203
2019-05-30,179.22999572753906,176.6699981689453,177.9499969482422,178.3000030517578,21218400.0,176.6741485595703
2019-05-31,177.99000549316406,174.99000549316406,176.22999572753906,175.07000732421875,27043600.0,173.47360229492188
2019-06-03,177.9199981689453,170.27000427246094,175.60000610351562,173.3000030517578,40396100.0,171.7197265625
2019-06-04,179.8300018310547,174.52000427246094,175.44000244140625,179.63999938964844,30968000.0,178.00192260742188
2019-06-05,184.99000549316406,181.13999938964844,184.27999877929688,182.5399932861328,29773400.0,180.87545776367188
2019-06-06,185.47000122070312,182.14999389648438,183.0800018310547,185.22000122070312,22526300.0,183.53103637695312
2019-06-07,191.9199981689453,185.77000427246094,186.50999450683594,190.14999389648438,30684400.0,188.41607666015625
2019-06-10,195.3699951171875,191.6199951171875,191.80999755859375,192.5800018310547,26220900.0,190.8239288330078
2019-06-11,196.0,193.60000610351562,194.86000061035156,194.80999755859375,26932900.0,193.03358459472656
2019-06-12,195.97000122070312,193.38999938964844,193.9499969482422,194.19000244140625,18221800.0,192.41925048828125
2019-06-13,196.7899932861328,193.60000610351562,194.6999969482422,194.14999389648438,21674600.0,192.3795928955078
2019-06-14,193.58999633789062,190.3000030517578,191.5500030517578,192.74000549316406,18761500.0,190.9824676513672
2019-06-17,194.9600067138672,192.1699981689453,192.89999389648438,193.88999938964844,14669100.0,192.12197875976562
2019-06-18,200.2899932861328,195.2100067138672,196.0500030517578,198.4499969482422,26551000.0,196.64039611816406
2019-06-19,199.8800048828125,197.30999755859375,199.67999267578125,197.8699951171875,21124200.0,196.06568908691406
2019-06-20,200.61000061035156,198.02999877929688,200.3699951171875,199.4600067138672,21514000.0,197.6411895751953
2019-06-21,200.85000610351562,198.14999389648438,198.8000030517578,198.77999877929688,47800600.0,196.96737670898438
2019-06-24,200.16000366210938,198.1699981689453,198.5399932861328,198.5800018310547,18220400.0,196.7692108154297
2019-06-25,199.25999450683594,195.2899932861328,198.42999267578125,195.57000732421875,21070300.0,193.7866668701172
2019-06-26,200.99000549316406,197.35000610351562,197.77000427246094,199.8000030517578,26067500.0,197.97808837890625
2019-06-27,201.57000732421875,199.57000732421875,200.2899932861328,199.74000549316406,20899700.0,197.91864013671875
2019-06-28,199.5,197.0500030517578,198.67999267578125,197.9199981689453,31110600.0,196.11521911621094
2019-07-01,204.49000549316406,200.64999389648438,203.1699981689453,201.5500030517578,27316700.0,199.71214294433594
2019-07-02,203.1300048828125,201.36000061035156,201.41000366210938,202.72999572753906,16935200.0,200.88136291503906
2019-07-03,204.44000244140625,202.69000244140625,203.27999877929688,204.41000366210938,11362000.0,202.54605102539062
2019-07-05,205.0800018310547,202.89999389648438,203.35000610351562,204.22999572753906,17265500.0,202.36767578125
2019-07-08,201.39999389648438,198.41000366210938,200.80999755859375,200.02000427246094,25338600.0,198.19607543945312
2019-07-09,201.50999450683594,198.80999755859375,199.1999969482422,201.24000549316406,20578000.0,199.40496826171875
2019-07-10,203.72999572753906,201.55999755859375,201.85000610351562,203.22999572753906,17897100.0,201.37681579589844
2019-07-11,204.38999938964844,201.7100067138672,203.30999755859375,201.75,20191800.0,199.91030883789062
2019-07-12,204.0,202.1999969482422,202.4499969482422,203.3000030517578,17595200.0,201.44618225097656
2019-07-15,205.8699951171875,204.0,204.08999633789062,205.2100067138672,16947400.0,203.33876037597656
2019-07-16,206.11000061035156,203.5,204.58999633789062,204.5,16866800.0,202.63522338867188
2019-07-17,205.08999633789062,203.27000427246094,204.0500030517578,203.35000610351562,14107500.0,201.49571228027344
2019-07-18,205.8800048828125,203.6999969482422,204.0,205.66000366210938,18582200.0,203.78465270996094
2019-07-19,206.5,202.36000061035156,205.7899932861328,202.58999633789062,20929300.0,200.74264526367188
2019-07-22,207.22999572753906,203.61000061035156,203.64999389648438,207.22000122070312,22277900.0,205.33042907714844
2019-07-23,208.91000366210938,207.2899932861328,208.4600067138672,208.83999633789062,18355200.0,206.93563842773438
2019-07-24,209.14999389648438,207.1699981689453,207.6699981689453,208.6699981689453,14991600.0,206.7672119140625
2019-07-25,209.24000549316406,206.72999572753906,208.88999938964844,207.02000427246094,13909600.0,205.13226318359375
2019-07-26,209.72999572753906,207.13999938964844,207.47999572753906,207.74000549316406,17618900.0,205.84568786621094
2019-07-29,210.63999938964844,208.44000244140625,208.4600067138672,209.67999267578125,21673400.0,207.7679901123047
2019-07-30,210.16000366210938,207.30999755859375,208.75999450683594,208.77999877929688,33935700.0,206.87619018554688
2019-07-31,221.3699951171875,211.3000030517578,216.4199981689453,213.0399932861328,69281400.0,211.0973663330078
2019-08-01,218.02999877929688,206.74000549316406,213.89999389648438,208.42999267578125,54017900.0,206.5293731689453
2019-08-02,206.42999267578125,201.6300048828125,205.52999877929688,204.02000427246094,40862100.0,202.15960693359375
2019-08-05,198.64999389648438,192.5800018310547,197.99000549316406,193.33999633789062,52393000.0,191.5769805908203
2019-08-06,198.07000732421875,194.0399932861328,196.30999755859375,197.0,35824800.0,195.20361328125
2019-08-07,199.55999755859375,193.82000732421875,195.41000366210938,199.0399932861328,33364400.0,197.22500610351562
2019-08-08,203.52999877929688,199.38999938964844,200.1999969482422,203.42999267578125,27009500.0,201.57498168945312
2019-08-09,202.75999450683594,199.2899932861328,201.3000030517578,200.99000549316406,24619700.0,199.91392517089844
2019-08-12,202.0500030517578,199.14999389648438,199.6199951171875,200.47999572753906,22474900.0,199.40664672851562
2019-08-13,212.13999938964844,200.47999572753906,201.02000427246094,208.97000122070312,47218500.0,207.85121154785156
2019-08-14,206.44000244140625,202.58999633789062,203.16000366210938,202.75,36547400.0,201.6645050048828
2019-08-15,205.13999938964844,199.6699981689453,203.4600067138672,201.74000549316406,27227400.0,200.659912109375
2019-08-16,207.16000366210938,203.83999633789062,204.27999877929688,206.5,27620400.0,205.39442443847656
2019-08-19,212.72999572753906,210.02999877929688,210.6199951171875,210.35000610351562,24413600.0,209.22381591796875
2019-08-20,213.35000610351562,210.32000732421875,210.8800048828125,210.36000061035156,26884300.0,209.2337646484375
2019-08-21,213.64999389648438,211.60000610351562,212.99000549316406,212.63999938964844,21535400.0,211.50155639648438
2019-08-22,214.44000244140625,210.75,213.19000244140625,212.4600067138672,22253700.0,211.32252502441406
2019-08-23,212.0500030517578,201.0,209.42999267578125,202.63999938964844,46818000.0,201.5550994873047
2019-08-26,207.19000244140625,205.05999755859375,205.86000061035156,206.49000549316406,26043600.0,205.3844757080078
2019-08-27,208.5500030517578,203.52999877929688,207.86000061035156,204.16000366210938,25873300.0,203.06695556640625
2019-08-28,205.72000122070312,203.32000732421875,204.10000610351562,205.52999877929688,15938800.0,204.42962646484375
2019-08-29,209.32000732421875,206.66000366210938,208.5,209.00999450683594,20990500.0,207.89097595214844
2019-08-30,210.4499969482422,207.1999969482422,210.16000366210938,208.74000549316406,21143400.0,207.6224365234375
2019-09-03,206.97999572753906,204.22000122070312,206.42999267578125,205.6999969482422,20023000.0,204.59869384765625
2019-09-04,209.47999572753906,207.32000732421875,208.38999938964844,209.19000244140625,19188100.0,208.07003784179688
2019-09-05,213.97000122070312,211.50999450683594,212.0,213.27999877929688,23913700.0,212.13812255859375
2019-09-06,214.4199981689453,212.50999450683594,214.0500030517578,213.25999450683594,19362300.0,212.11822509765625
2019-09-09,216.44000244140625,211.07000732421875,214.83999633789062,214.1699981689453,27309400.0,213.0233612060547
2019-09-10,216.77999877929688,211.7100067138672,213.86000061035156,216.6999969482422,31777900.0,215.53981018066406
2019-09-11,223.7100067138672,217.72999572753906,218.07000732421875,223.58999633789062,44289600.0,222.39292907714844
2019-09-12,226.4199981689453,222.86000061035156,224.8000030517578,223.08999633789062,32226700.0,221.89559936523438
2019-09-13,220.7899932861328,217.02000427246094,220.0,218.75,39763300.0,217.57884216308594
2019-09-16,220.1300048828125,217.55999755859375,217.72999572753906,219.89999389648438,21158100.0,218.72268676757812
2019-09-17,220.82000732421875,219.1199951171875,219.9600067138672,220.6999969482422,18318700.0,219.51840209960938
2019-09-18,222.85000610351562,219.44000244140625,221.05999755859375,222.77000427246094,25340000.0,221.57733154296875
2019-09-19,223.75999450683594,220.3699951171875,222.00999450683594,220.9600067138672,22060600.0,219.7770233154297
2019-09-20,222.55999755859375,217.47000122070312,221.3800048828125,217.72999572753906,55413100.0,216.5642852783203
2019-09-23,219.83999633789062,217.64999389648438,218.9499969482422,218.72000122070312,19165500.0,217.5489959716797
2019-09-24,222.49000549316406,217.19000244140625,221.02999877929688,217.67999267578125,31190800.0,216.51455688476562
2019-09-25,221.5,217.13999938964844,218.5500030517578,221.02999877929688,21903400.0,219.8466339111328
2019-09-26,220.94000244140625,218.8300018310547,220.0,219.88999938964844,18833500.0,218.71273803710938
2019-09-27,220.9600067138672,217.27999877929688,220.5399932861328,218.82000732421875,25352000.0,217.6484832763672
2019-09-30,224.5800018310547,220.7899932861328,220.89999389648438,223.97000122070312,25977400.0,222.77088928222656
2019-10-01,228.22000122070312,224.1999969482422,225.07000732421875,224.58999633789062,34805800.0,223.3875732421875
2019-10-02,223.5800018310547,217.92999267578125,223.05999755859375,218.9600067138672,34612300.0,217.7877197265625
2019-10-03,220.9600067138672,215.1300048828125,218.42999267578125,220.82000732421875,28606500.0,219.63775634765625
2019-10-04,227.49000549316406,223.88999938964844,225.63999938964844,227.00999450683594,34619700.0,225.79461669921875
2019-10-07,229.92999267578125,225.83999633789062,226.27000427246094,227.05999755859375,30576500.0,225.84434509277344
2019-10-08,228.05999755859375,224.3300018310547,225.82000732421875,224.39999389648438,27955000.0,223.19859313964844
2019-10-09,227.7899932861328,225.63999938964844,227.02999877929688,227.02999877929688,18692600.0,225.81451416015625
2019-10-10,230.44000244140625,227.3000030517578,227.92999267578125,230.08999633789062,28253400.0,228.85812377929688
2019-10-11,237.63999938964844,232.30999755859375,232.9499969482422,236.2100067138672,41698900.0,234.9453582763672
2019-10-14,238.1300048828125,234.6699981689453,234.89999389648438,235.8699951171875,24106900.0,234.607177734375
2019-10-15,237.64999389648438,234.8800048828125,236.38999938964844,235.32000732421875,21840000.0,234.0601348876953
2019-10-16,235.24000549316406,233.1999969482422,233.3699951171875,234.3699951171875,18475800.0,233.11520385742188
2019-10-17,236.14999389648438,233.52000427246094,235.08999633789062,235.27999877929688,16896300.0,234.0203399658203
2019-10-18,237.5800018310547,234.2899932861328,234.58999633789062,236.41000366210938,24358400.0,235.14430236816406
2019-10-21,240.99000549316406,237.32000732421875,237.52000427246094,240.50999450683594,21811800.0,239.2223358154297
2019-10-22,242.1999969482422,239.6199951171875,241.16000366210938,239.9600067138672,20573400.0,238.67529296875
2019-10-23,243.24000549316406,241.22000122070312,242.10000610351562,243.17999267578125,18957200.0,241.87803649902344
2019-10-24,244.8000030517578,241.80999755859375,244.50999450683594,243.5800018310547,17318800.0,242.27589416503906
2019-10-25,246.72999572753906,242.8800048828125,243.16000366210938,246.5800018310547,18330500.0,245.2598419189453
2019-10-28,249.25,246.72000122070312,247.4199981689453,249.0500030517578,24143200.0,247.71661376953125
2019-10-29,249.75,242.57000732421875,248.97000122070312,243.2899932861328,35709900.0,241.98744201660156
2019-10-30,245.3000030517578,241.2100067138672,244.75999450683594,243.25999450683594,31130500.0,241.95761108398438
2019-10-31,249.1699981689453,237.25999450683594,247.24000549316406,248.75999450683594,34790500.0,247.42816162109375
2019-11-01,255.92999267578125,249.16000366210938,249.5399932861328,255.82000732421875,37781300.0,254.45037841796875
2019-11-04,257.8500061035156,255.3800048828125,257.3299865722656,257.5,25818000.0,256.1213684082031
2019-11-05,258.19000244140625,256.32000732421875,257.04998779296875,257.1300048828125,19974400.0,255.7533721923828
2019-11-06,257.489990234375,255.3699951171875,256.7699890136719,257.239990234375,18966100.0,255.86276245117188
2019-11-07,260.3500061035156,258.1099853515625,258.739990234375,259.42999267578125,23735100.0,258.81573486328125
2019-11-08,260.44000244140625,256.8500061035156,258.69000244140625,260.1400146484375,17496600.0,259.5240783691406
2019-11-11,262.4700012207031,258.2799987792969,258.29998779296875,262.20001220703125,20455300.0,261.5791931152344
2019-11-12,262.7900085449219,260.9200134277344,261.54998779296875,261.9599914550781,21847200.0,261.3397521972656
2019-11-13,264.7799987792969,261.07000732421875,261.1300048828125,264.4700012207031,25683600.0,263.84381103515625
2019-11-14,264.8800048828125,262.1000061035156,263.75,262.6400146484375,22295700.0,262.0181579589844
2019-11-15,265.7799987792969,263.010009765625,263.67999267578125,265.760009765625,25051600.0,265.1307678222656
2019-11-18,267.42999267578125,264.2300109863281,265.79998779296875,267.1000061035156,21675800.0,266.46759033203125
2019-11-19,268.0,265.3900146484375,267.8999938964844,266.2900085449219,19041800.0,265.6595153808594
2019-11-20,266.0799865722656,260.3999938964844,265.5400085449219,263.19000244140625,26558600.0,262.5668640136719
2019-11-21,264.010009765625,261.17999267578125,263.69000244140625,262.010009765625,30348800.0,261.3896484375
2019-11-22,263.17999267578125,260.8399963378906,262.5899963378906,261.7799987792969,16331300.0,261.1601867675781
2019-11-25,266.44000244140625,262.5199890136719,262.7099914550781,266.3699951171875,21005100.0,265.73931884765625
2019-11-26,267.1600036621094,262.5,266.94000244140625,264.2900085449219,26301900.0,263.66424560546875
2019-11-27,267.9800109863281,265.30999755859375,265.5799865722656,267.8399963378906,16308900.0,267.2058410644531
2019-11-29,268.0,265.8999938964844,266.6000061035156,267.25,11654400.0,266.61724853515625
2019-12-02,268.25,263.45001220703125,267.2699890136719,264.1600036621094,23621800.0,263.5345458984375
2019-12-03,259.5299987792969,256.2900085449219,258.30999755859375,259.45001220703125,28607600.0,258.8357238769531
2019-12-04,263.30999755859375,260.67999267578125,261.07000732421875,261.739990234375,16795400.0,261.1202697753906
2019-12-05,265.8900146484375,262.7300109863281,263.7900085449219,265.5799865722656,18606100.0,264.951171875
2019-12-06,271.0,267.29998779296875,267.4800109863281,270.7099914550781,26518900.0,270.06903076171875
2019-12-09,270.79998779296875,264.9100036621094,270.0,266.9200134277344,32010600.0,266.28802490234375
2019-12-10,270.07000732421875,265.8599853515625,268.6000061035156,268.4800109863281,22605100.0,267.8443298339844
2019-12-11,271.1000061035156,268.5,268.80999755859375,270.7699890136719,19689200.0,270.12890625
2019-12-12,272.55999755859375,267.32000732421875,267.7799987792969,271.4599914550781,34327600.0,270.8172607421875
2019-12-13,275.29998779296875,270.92999267578125,271.4599914550781,275.1499938964844,33396900.0,274.49853515625
2019-12-16,280.7900085449219,276.9800109863281,277.0,279.8599853515625,32046500.0,279.1973571777344
2019-12-17,281.7699890136719,278.79998779296875,279.57000732421875,280.4100036621094,28539600.0,279.74609375
2019-12-18,281.8999938964844,279.1199951171875,279.79998779296875,279.739990234375,29007100.0,279.0776672363281
2019-12-19,281.17999267578125,278.95001220703125,279.5,280.0199890136719,24592300.0,279.35699462890625
2019-12-20,282.6499938964844,278.55999755859375,282.2300109863281,279.44000244140625,68994500.0,278.77838134765625
2019-12-23,284.25,280.3699951171875,280.5299987792969,284.0,24643000.0,283.32757568359375
2019-12-24,284.8900146484375,282.9200134277344,284.69000244140625,284.2699890136719,12119700.0,283.596923828125
2019-12-26,289.9800109863281,284.70001220703125,284.82000732421875,289.9100036621094,23280300.0,289.2236022949219
2019-12-27,293.9700012207031,288.1199951171875,291.1199951171875,289.79998779296875,36566500.0,289.11383056640625
2019-12-30,292.69000244140625,285.2200012207031,289.4599914550781,291.5199890136719,36028600.0,290.82977294921875
2019-12-31,293.67999267578125,289.5199890136719,289.92999267578125,293.6499938964844,25201400.0,292.9547119140625
2020-01-02,300.6000061035156,295.19000244140625,296.239990234375,300.3500061035156,33870100.0,299.6388854980469
2020-01-03,300.5799865722656,296.5,297.1499938964844,297.42999267578125,36580700.0,296.72576904296875
2020-01-06,299.9599914550781,292.75,293.7900085449219,299.79998779296875,29596800.0,299.09014892578125
2020-01-07,300.8999938964844,297.4800109863281,299.8399963378906,298.3900146484375,27218000.0,297.68353271484375
2020-01-08,304.44000244140625,297.1600036621094,297.1600036621094,303.19000244140625,33019800.0,302.4721374511719
2020-01-09,310.42999267578125,306.20001220703125,307.239990234375,309.6300048828125,42527100.0,308.89691162109375
2020-01-10,312.6700134277344,308.25,310.6000061035156,310.3299865722656,35161200.0,309.59521484375
2020-01-13,317.07000732421875,311.1499938964844,311.6400146484375,316.9599914550781,30383000.0,316.20953369140625
2020-01-14,317.57000732421875,312.1700134277344,316.70001220703125,312.67999267578125,40488600.0,311.9396667480469
2020-01-15,315.5,309.54998779296875,311.8500061035156,311.3399963378906,30480900.0,310.60284423828125
2020-01-16,315.70001220703125,312.0899963378906,313.5899963378906,315.239990234375,27207300.0,314.49359130859375
2020-01-17,318.739990234375,315.0,316.2699890136719,318.7300109863281,34454100.0,317.9753723144531
2020-01-21,319.0199890136719,316.0,317.19000244140625,316.57000732421875,27710800.0,315.8204650878906
2020-01-22,319.989990234375,317.30999755859375,318.5799865722656,317.70001220703125,25458100.0,316.94781494140625
2020-01-23,319.55999755859375,315.6499938964844,317.9200134277344,319.2300109863281,26118000.0,318.47418212890625
2020-01-24,323.3299865722656,317.5199890136719,320.25,318.30999755859375,36634400.0,317.55633544921875
2020-01-27,311.7699890136719,304.8800048828125,310.05999755859375,308.95001220703125,40485000.0,308.218505859375
2020-01-28,318.3999938964844,312.19000244140625,312.6000061035156,317.69000244140625,40558500.0,316.93780517578125
2020-01-29,327.8500061035156,321.3800048828125,324.45001220703125,324.3399963378906,54057300.0,323.5720520019531
2020-01-30,324.0899963378906,318.75,320.5400085449219,323.8699951171875,31685800.0,323.1031799316406
2020-01-31,322.67999267578125,308.2900085449219,320.92999267578125,309.510009765625,49897100.0,308.7771911621094
2020-02-03,313.489990234375,302.2200012207031,304.29998779296875,308.6600036621094,43496400.0,307.92919921875
2020-02-04,319.6400146484375,313.6300048828125,315.30999755859375,318.8500061035156,34154100.0,318.0950622558594
2020-02-05,324.760009765625,318.95001220703125,323.5199890136719,321.45001220703125,29706700.0,320.6889343261719
2020-02-06,325.2200012207031,320.260009765625,322.57000732421875,325.2099914550781,26356400.0,324.44000244140625
2020-02-07,323.3999938964844,318.0,322.3699951171875,320.0299987792969,29421000.0,320.0299987792969
2020-02-10,321.54998779296875,313.8500061035156,314.17999267578125,321.54998779296875,27337200.0,321.54998779296875
2020-02-11,323.8999938964844,318.7099914550781,323.6000061035156,319.6099853515625,23580800.0,319.6099853515625
2020-02-12,327.2200012207031,321.4700012207031,321.4700012207031,327.20001220703125,28432600.0,327.20001220703125
2020-02-13,326.2200012207031,323.3500061035156,324.19000244140625,324.8699951171875,23686900.0,324.8699951171875
2020-02-14,325.9800109863281,322.8500061035156,324.739990234375,324.95001220703125,20028400.0,324.95001220703125
2020-02-18,319.75,314.6099853515625,315.3599853515625,319.0,38132800.0,319.0
2020-02-19,324.57000732421875,320.0,320.0,323.6199951171875,23496000.0,323.6199951171875
2020-02-20,324.6499938964844,318.2099914550781,322.6300048828125,320.29998779296875,25141500.0,320.29998779296875
2020-02-21,320.45001220703125,310.5,318.6199951171875,313.04998779296875,32388500.0,313.04998779296875
2020-02-24,304.17999267578125,289.2300109863281,297.260009765625,298.17999267578125,55548800.0,298.17999267578125
2020-02-25,302.5299987792969,286.1300048828125,300.95001220703125,288.0799865722656,57668400.0,288.0799865722656
2020-02-26,297.8800048828125,286.5,286.5299987792969,292.6499938964844,49513700.0,292.6499938964844
2020-02-27,286.0,272.9599914550781,281.1000061035156,273.5199890136719,80151400.0,273.5199890136719
2020-02-28,278.4100036621094,256.3699951171875,257.260009765625,273.3599853515625,106721200.0,273.3599853515625
2020-03-02,301.44000244140625,277.7200012207031,282.2799987792969,298.80999755859375,85349300.0,298.80999755859375
2020-03-03,304.0,285.79998779296875,303.6700134277344,289.32000732421875,79868900.0,289.32000732421875
2020-03-04,303.3999938964844,293.1300048828125,296.44000244140625,302.739990234375,54794600.0,302.739990234375
2020-03-05,299.54998779296875,291.4100036621094,295.5199890136719,292.9200134277344,46893200.0,292.9200134277344
2020-03-06,290.82000732421875,281.2300109863281,282.0,289.0299987792969,56544200.0,289.0299987792969
2020-03-09,278.0899963378906,263.0,263.75,266.1700134277344,71686200.0,266.1700134277344
2020-03-10,286.44000244140625,269.3699951171875,277.1400146484375,285.3399963378906,71322500.0,285.3399963378906
2020-03-11,281.2200012207031,271.8599853515625,277.3900146484375,275.42999267578125,63899700.0,275.42999267578125
2020-03-12,270.0,248.0,255.94000244140625,248.22999572753906,104618500.0,248.22999572753906
2020-03-13,279.9200134277344,252.9499969482422,264.8900146484375,277.9700012207031,92683000.0,277.9700012207031
2020-03-16,259.0799865722656,240.0,241.9499969482422,242.2100067138672,80605900.0,242.2100067138672
2020-03-17,257.6099853515625,238.39999389648438,247.50999450683594,252.86000061035156,81014000.0,252.86000061035156
2020-03-18,250.0,237.1199951171875,239.77000427246094,246.6699981689453,75058400.0,246.6699981689453
2020-03-19,252.83999633789062,242.61000061035156,247.38999938964844,244.77999877929688,67964300.0,244.77999877929688
2020-03-20,251.8300018310547,228.0,247.17999267578125,229.24000549316406,100423300.0,229.24000549316406
2020-03-23,228.5,212.61000061035156,228.0800018310547,224.3699951171875,84188200.0,224.3699951171875
2020-03-24,247.69000244140625,234.3000030517578,236.36000061035156,246.8800048828125,71882800.0,246.8800048828125
2020-03-25,258.25,244.3000030517578,250.75,245.52000427246094,75900500.0,245.52000427246094
2020-03-26,258.67999267578125,246.36000061035156,246.52000427246094,258.44000244140625,63021800.0,258.44000244140625
2020-03-27,255.8699951171875,247.0500030517578,252.75,247.74000549316406,51054200.0,247.74000549316406
2020-03-30,255.52000427246094,249.39999389648438,250.74000549316406,254.80999755859375,41994100.0,254.80999755859375
2020-03-31,262.489990234375,252.0,255.60000610351562,254.2899932861328,49250500.0,254.2899932861328
2020-04-01,248.72000122070312,239.1300048828125,246.5,240.91000366210938,44054600.0,240.91000366210938
2020-04-02,245.14999389648438,236.89999389648438,240.33999633789062,244.92999267578125,41483500.0,244.92999267578125
2020-04-03,245.6999969482422,238.97000122070312,242.8000030517578,241.41000366210938,32470000.0,241.41000366210938
2020-04-06,263.1099853515625,249.3800048828125,250.89999389648438,262.4700012207031,50455100.0,262.4700012207031
2020-04-07,271.70001220703125,259.0,270.79998779296875,259.42999267578125,50721800.0,259.42999267578125
2020-04-08,267.3699951171875,261.2300109863281,262.739990234375,266.07000732421875,42223800.0,266.07000732421875
2020-04-09,270.07000732421875,264.70001220703125,268.70001220703125,267.989990234375,40529100.0,267.989990234375
2020-04-13,273.70001220703125,265.8299865722656,268.30999755859375,273.25,32755700.0,273.25
2020-04-14,288.25,278.04998779296875,280.0,287.04998779296875,48748700.0,287.04998779296875
2020-04-15,286.3299865722656,280.6300048828125,282.3999938964844,284.42999267578125,32788600.0,284.42999267578125
2020-04-16,288.20001220703125,282.3500061035156,287.3800048828125,286.69000244140625,39281300.0,286.69000244140625
2020-04-17,286.95001220703125,276.8599853515625,284.69000244140625,282.79998779296875,53812500.0,282.79998779296875
2020-04-20,281.67999267578125,276.8500061035156,277.95001220703125,276.92999267578125,32503800.0,276.92999267578125
2020-04-21,277.25,265.42999267578125,276.2799987792969,268.3699951171875,45247900.0,268.3699951171875
2020-04-22,277.8999938964844,272.20001220703125,273.6099853515625,276.1000061035156,29264300.0,276.1000061035156
2020-04-23,281.75,274.8699951171875,275.8699951171875,275.0299987792969,31203600.0,275.0299987792969
2020-04-24,283.010009765625,277.0,277.20001220703125,282.9700012207031,31540300.0,282.9700012207031
